dataset,candidate_id,base_accuracy,accuracy,delta_pp,base_last50_accuracy,last50_accuracy,delta_last50_pp,delta_correct,delta_last50_correct,mean_gate,median_gate,gate_p10,gate_p25,gate_p75,gate_p90,mean_effective_update_mass,prediction_sha256,state_sha256,health_status
dtd,U1_t0.075_p0.25,35.9375,35.9375,0.0,40.625,40.625,0.0,0,0,0.7421203255653381,0.7350523471832275,0.6067329287528992,0.6624452918767929,0.8081772029399872,0.9072960019111636,0.7421308159828186,995d3779aae38d6c1955f6b7eb85b3b761a3bb276b4579b19c38a50663ae4024,20aa513f2cd4206477fedb7aa043549422b81d46f23fbcecf12fbf449734580c,healthy
dtd,U1_t0.075_p0.5,35.9375,35.9375,0.0,40.625,40.625,0.0,0,0,0.5767426490783691,0.5559881925582886,0.35564392507076265,0.4283621236681938,0.6934333741664886,0.8971087992191317,0.576751708984375,09c820c16776fd9cd2590e5f12a08dad5477d6eea9e7207da4f44a8f940a6bc0,9c440fe6e7a4beddbb276ba3b5d13a35bae68a0d112102fb0bde686f41352baf,healthy
dtd,U1_t0.075_p1,35.9375,35.9375,0.0,40.625,40.625,0.0,0,0,0.35077500343322754,0.27551060914993286,0.10829139277338982,0.15682214871048927,0.4001263976097107,0.8498825609683994,0.35078006982803345,39fe6b9cc82568f1744e79d7f73d7e3597ae8c16822f8bd7cb7043cfa84f4b82,68ad157435fca036c8d761bc8b0f391f71b23b4490c0ade434069f9b7ccc24a8,healthy
dtd,U1_t0.075_p2,35.9375,35.9375,0.0,40.625,40.625,0.0,0,0,0.12105834484100342,0.0468016192317009,0.004838036140426993,0.021638887003064156,0.10620945692062378,0.338798570632935,0.12106015533208847,15c135789dd80c1fc9ebeb851b03f9927ada50c823dd7a2d73e2e2cccc3c17f1,9d3630846dfb6dd83356a6ba41d050c25de93506184393ec36efad17fa11a94a,healthy
dtd,U1_t0.15_p0.25,35.9375,35.9375,0.0,40.625,40.625,0.0,0,0,0.8182663321495056,0.8158743381500244,0.7155538082122803,0.7591666728258133,0.8617091327905655,0.9266934037208557,0.8182774186134338,995d3779aae38d6c1955f6b7eb85b3b761a3bb276b4579b19c38a50663ae4024,a3ffe7d332d7148e79b84baf599b84074ed706a54b64112c974758039b86b8a0,healthy
dtd,U1_t0.15_p0.5,35.9375,35.9375,0.0,40.625,40.625,0.0,0,0,0.6828526854515076,0.675035834312439,0.5079678416252137,0.5723187029361725,0.763794481754303,0.8674428403377533,0.6828627586364746,09c820c16776fd9cd2590e5f12a08dad5477d6eea9e7207da4f44a8f940a6bc0,afc383bf5d6af013f96e94aa1bcc6f4b15a87fa3c50602c1150d3fbaf2ded754,healthy
dtd,U1_t0.15_p1,35.9375,35.9375,0.0,40.625,40.625,0.0,0,0,0.49711108207702637,0.4616914391517639,0.2382907062768936,0.30444612354040146,0.6500645577907562,0.8376453638076784,0.49711912870407104,39fe6b9cc82568f1744e79d7f73d7e3597ae8c16822f8bd7cb7043cfa84f4b82,ad165506971309950523177c4dfe088f1030fd69633ddb03760cafa9a13664a6,healthy
dtd,U1_t0.15_p2,35.9375,35.9375,0.0,40.625,40.625,0.0,0,0,0.2643994987010956,0.1617393046617508,0.031678151711821555,0.07426275685429573,0.2986602857708931,0.8168437957763675,0.26440244913101196,39fe6b9cc82568f1744e79d7f73d7e3597ae8c16822f8bd7cb7043cfa84f4b82,29bc84e28aeb5aec52895b4ffc6441f21d990ca4d331df9216bb981a874e0077,healthy
dtd,U1_t0.3_p0.25,35.9375,35.9375,0.0,40.625,40.625,0.0,0,0,0.8850998282432556,0.8836491107940674,0.8124287724494934,0.8428293764591217,0.9124389290809631,0.9708735287189484,0.8851112723350525,995d3779aae38d6c1955f6b7eb85b3b761a3bb276b4579b19c38a50663ae4024,a99d564ca596043ff85ed392ad57a2a14557de1c6a4a0f1e6e0eee254926b21a,healthy
dtd,U1_t0.3_p0.5,35.9375,35.9375,0.0,40.625,40.625,0.0,0,0,0.7884228825569153,0.785453200340271,0.6572188198566437,0.7098288834095001,0.8391665071249008,0.9251765012741089,0.7884337902069092,995d3779aae38d6c1955f6b7eb85b3b761a3bb276b4579b19c38a50663ae4024,d9370862af9d5833cf63c188f0d7f036153acaba0e584fbefeaccf909e6fddd8,healthy
dtd,U1_t0.3_p1,35.9375,35.9375,0.0,40.625,40.625,0.0,0,0,0.6383621692657471,0.6369971036911011,0.42313681840896605,0.4988088309764862,0.7313224673271179,0.85537189245224,0.6383718252182007,09c820c16776fd9cd2590e5f12a08dad5477d6eea9e7207da4f44a8f940a6bc0,90baae2806af93faa0a7b695573c834d91958c423e5d486d57410304e03a2d51,healthy
dtd,U1_t0.3_p2,35.9375,35.9375,0.0,40.625,40.625,0.0,0,0,0.4385509192943573,0.3982574939727783,0.16959666907787324,0.22682185098528862,0.6095370054244995,0.8009541332721714,0.43855804204940796,39fe6b9cc82568f1744e79d7f73d7e3597ae8c16822f8bd7cb7043cfa84f4b82,e6fefdf05fe7c16308df49387bc8869e96b031b6d1bef748641a1abe818c78bd,healthy
dtd,U1_t0.6_p0.25,35.9375,35.9375,0.0,40.625,40.625,0.0,0,0,0.9341410994529724,0.9364103078842163,0.8959540009498597,0.9073838740587234,0.951145350933075,0.9841780781745911,0.9341528415679932,995d3779aae38d6c1955f6b7eb85b3b761a3bb276b4579b19c38a50663ae4024,324529aefadde6ab4e922188ea3f3382c0ecbbd5455d95646d89cc7204321ed5,healthy
dtd,U1_t0.6_p0.5,35.9375,35.9375,0.0,40.625,40.625,0.0,0,0,0.8741535544395447,0.876753568649292,0.8014713943004608,0.8217381536960602,0.9057212024927139,0.9692838609218598,0.8741650581359863,995d3779aae38d6c1955f6b7eb85b3b761a3bb276b4579b19c38a50663ae4024,f2a177bb18d39ef18ec3ce8028b9dd5bed576b69058dd4093c654f72ce20a06c,healthy
dtd,U1_t0.6_p1,35.9375,35.9375,0.0,40.625,40.625,0.0,0,0,0.7692492604255676,0.7716823816299438,0.6351573705673218,0.6787245571613312,0.8286795020103455,0.9241782486438751,0.769260048866272,995d3779aae38d6c1955f6b7eb85b3b761a3bb276b4579b19c38a50663ae4024,bee8e5813150e76c866a8e4079378547da85a1bf444c4c3d55dc715d4036bba2,healthy
dtd,U1_t0.6_p2,35.9375,35.9375,0.0,40.625,40.625,0.0,0,0,0.6096775531768799,0.6078025102615356,0.39555482268333436,0.45876241475343704,0.7088236063718796,0.8523922741413117,0.6096870303153992,09c820c16776fd9cd2590e5f12a08dad5477d6eea9e7207da4f44a8f940a6bc0,308ab7be048651f3d86d493dd6bce905a7bc5a2b6322f2d2146854de42f3dd68,healthy
dtd,U2_t0.075_p0.25_clip,35.9375,35.9375,0.0,40.625,40.625,0.0,0,0,0.7482798099517822,0.7405401468276978,0.6176848948001862,0.6624949872493744,0.833962470293045,0.9175798654556274,0.7482932806015015,232bd4dbb3cd344d931d29fa9f7da777053867cfb23dce3e40fe45f9d6b09f30,b86234a577a4c788296e035f8e68955908614d5ae6ed0818235fab78fc253618,healthy
dtd,U2_t0.075_p0.25_mix08clip,35.9375,35.9375,0.0,40.625,40.625,0.0,0,0,0.7421203255653381,0.7350523471832275,0.6067329287528992,0.6624452918767929,0.8081772029399872,0.9072960019111636,0.7421308159828186,995d3779aae38d6c1955f6b7eb85b3b761a3bb276b4579b19c38a50663ae4024,20aa513f2cd4206477fedb7aa043549422b81d46f23fbcecf12fbf449734580c,healthy
dtd,U2_t0.075_p0.25_mix05,35.9375,37.5,1.5625,40.625,40.625,0.0,1,0,0.7217156887054443,0.7024991512298584,0.5913213908672332,0.6449198573827744,0.7841454446315765,0.8800421178340913,0.7217218279838562,d4da69e820f393e4053210b85eb97059177a2a0dc01a4ef6bc19866ee1b2df91,001ad6b2ceaaaf68a72f2b056863868d34f315c91a3f465ee331e6ae35434332,healthy
dtd,U2_t0.075_p0.25_omega,35.9375,35.9375,0.0,40.625,40.625,0.0,0,0,0.7001500129699707,0.7007604837417603,0.6308651268482208,0.6592467278242111,0.7422754168510437,0.771672523021698,0.7001500129699707,343b0e623515873cf437cc769f25de23c8a6f2d846318d8d21d2d32cdb58c858,a5ec17359dfc1363a9b88599426ad26f92f067fbb43302c429f935a79f42a31f,healthy
dtd,U2_t0.075_p0.5_clip,35.9375,35.9375,0.0,40.625,40.625,0.0,0,0,0.5884426832199097,0.5679975748062134,0.37074120938777927,0.44569531828165054,0.7020241469144821,0.9636979222297669,0.5884546041488647,09c820c16776fd9cd2590e5f12a08dad5477d6eea9e7207da4f44a8f940a6bc0,eaf6e9ac696474a24bc94154245461cf641289946233007803771c68ea7f6bdb,healthy
dtd,U2_t0.075_p0.5_mix08clip,35.9375,35.9375,0.0,40.625,40.625,0.0,0,0,0.5767426490783691,0.5559881925582886,0.35564392507076265,0.4283621236681938,0.6934333741664886,0.8971087992191317,0.576751708984375,09c820c16776fd9cd2590e5f12a08dad5477d6eea9e7207da4f44a8f940a6bc0,9c440fe6e7a4beddbb276ba3b5d13a35bae68a0d112102fb0bde686f41352baf,healthy
dtd,U2_t0.075_p0.5_mix05,35.9375,35.9375,0.0,40.625,40.625,0.0,0,0,0.5263696908950806,0.497039794921875,0.34289654791355134,0.41381970793008804,0.603766456246376,0.7563213586807251,0.5263745188713074,39fe6b9cc82568f1744e79d7f73d7e3597ae8c16822f8bd7cb7043cfa84f4b82,2387d85e5f6ff4a2b5f276f47a42ae81f6b9526f8a655c5d314cb18ec77eba6a,healthy
dtd,U2_t0.075_p0.5_omega,35.9375,35.9375,0.0,40.625,40.625,0.0,0,0,0.4923537075519562,0.4788532555103302,0.3938803404569626,0.4364618808031082,0.559838280081749,0.5931580603122711,0.4923537075519562,343b0e623515873cf437cc769f25de23c8a6f2d846318d8d21d2d32cdb58c858,a348d972170f2cf00dba98e1c27c367bf71a17134d90be051dc640bd88d7d1b3,healthy
