dataset,candidate_id,mode,gamma,entropy_power,num_samples,correct,accuracy,macro_accuracy,nll,brier,ece,wrong_to_correct,correct_to_wrong,net_correction,changed_prediction_rate,prediction_sha256,mean_effective_correction_abs,max_effective_correction_abs,prediction_gate_mean,mean_clean_mass
fgvc,0,direct_prior,0.01,1.0,3333,873,26.192619261926193,26.13992869875223,2.8196286249122187,0.8471112733908769,0.08783409386536853,0,0,0,0.030003000300030006,b9cc05bdbf9f229bf86e12b47b610391b457f0b0f6d89ad3cfb2ca7602dc15ad,0.0010759601803568607,0.013063972745931358,1.0,0.8682740926742554
fgvc,1,direct_prior,0.025,1.0,3333,873,26.192619261926193,26.13992869875223,2.8197978516725053,0.8471241940821621,0.08787428157346536,1,1,0,0.15001500150015,a70bc1011026975357a0684d948393f270eb1c10aec7fdec8624c733a9cd79cc,0.0026899004508921507,0.0326599318648284,1.0,0.8682740926742554
fgvc,2,direct_prior,0.05,1.0,3333,873,26.192619261926193,26.13992869875223,2.8200805317068256,0.8471457617999054,0.08794123511079326,1,1,0,0.18001800180018002,84c9a1f944cdb755f41297d4956e71e5ff6b5e792adfe6c1acc1aad4c86ed657,0.005379800901784301,0.0653198637296568,1.0,0.8682740926742554
fgvc,3,direct_prior,0.1,1.0,3333,873,26.192619261926193,26.13992869875223,2.820648261672282,0.8471890198762407,0.08807490470453422,1,1,0,0.27002700270027,83c1708a6f5539e1ffaa9c9f152cce595077c5f3dfe03acb6eb7354f75a90c9a,0.010759601803568603,0.1306397274593136,1.0,0.8682740926742554
fgvc,4,direct_prior,0.2,1.0,3333,871,26.13261326132613,26.07932263814617,2.8217931015681783,0.8472760116788441,0.08894199929578454,1,3,-2,0.4800480048004801,cb7bd61e32a22db1f6cc8cb63569004127622679a26d89dbff0f9f3c463f7e77,0.021519203607137206,0.2612794549186272,1.0,0.8682740926742554
fgvc,5,direct_prior,0.3,1.0,3333,872,26.162616261626166,26.110516934046345,2.8229502619845452,0.8473636106431987,0.08890874169117453,3,4,-1,0.8100810081008101,9b673b4456417cfd8be56db67f3ec018a02dc722eadff227e27bc0215012d05b,0.032278805410705796,0.3919191823779407,1.0,0.8682740926742554
fgvc,6,entropy_gated_prior,0.025,1.0,3333,873,26.192619261926193,26.13992869875223,2.8196100671328828,0.8471091009203872,0.08783140196716507,1,1,0,0.09000900090009001,0742f6a3614025ac79c626a49e1bb138a8bf542622e4f563547f97d5cbee16d6,0.000844330999127993,0.018376907128489307,0.3603095713541061,0.8682740926742554
fgvc,7,entropy_gated_prior,0.05,1.0,3333,873,26.192619261926193,26.13992869875223,2.8197043560493626,0.8471155442311713,0.08785553041942722,1,1,0,0.18001800180018002,84c9a1f944cdb755f41297d4956e71e5ff6b5e792adfe6c1acc1aad4c86ed657,0.001688661998255986,0.036753814256978615,0.3603095713541061,0.8682740926742554
fgvc,8,entropy_gated_prior,0.1,1.0,3333,873,26.192619261926193,26.13992869875223,2.819893496902913,0.8471284617996914,0.08790378101561933,1,1,0,0.21002100210021002,c51cb5399b42eb895ef91f6ec405a11a01d22b61443d44124a24efb4bc8fc31c,0.003377323996511972,0.07350762851395723,0.3603095713541061,0.8682740926742554
fgvc,9,entropy_gated_prior,0.2,1.0,3333,873,26.192619261926193,26.13992869875223,2.82027401974204,0.8471544196049224,0.08800044399892341,1,1,0,0.24002400240024005,1a24279d93778460443748c12ec12eba8a288a6608e3ba2728fc6b99a8ef18f3,0.006754647993023944,0.14701525702791446,0.3603095713541061,0.8682740926742554
fgvc,10,entropy_gated_prior,0.3,1.0,3333,873,26.192619261926193,26.13992869875223,2.8206575100753475,0.8471805388745655,0.08809708814464755,1,1,0,0.36003600360036003,8cd2f7a09c8f864290a19c59a7529f86ce666cfb66818d9fc5299e293e6db8b7,0.010131971989535917,0.2205228855418717,0.3603095713541061,0.8682740926742554
dtd,0,direct_prior,0.01,1.0,1692,814,48.10874704491725,48.10874704491725,2.085107763912947,0.6908032776484268,0.138442315106781,0,0,0,0.0,3457efd5b353ddfea8146ca40e1440c17b40dfa197cbd9db03bc1c7140359f23,0.0029062597622703137,0.019565217733049905,1.0,0.8316310048103333
dtd,1,direct_prior,0.025,1.0,1692,814,48.10874704491725,48.10874704491725,2.085636535383702,0.6908694436172218,0.1386748780099757,0,0,0,0.0,3457efd5b353ddfea8146ca40e1440c17b40dfa197cbd9db03bc1c7140359f23,0.007265649405675785,0.048913044332624764,1.0,0.8316310048103333
dtd,2,direct_prior,0.05,1.0,1692,814,48.10874704491725,48.10874704491725,2.086526500225277,0.6909803005547744,0.13906020731877075,0,0,0,0.0,3457efd5b353ddfea8146ca40e1440c17b40dfa197cbd9db03bc1c7140359f23,0.01453129881135157,0.09782608866524953,1.0,0.8316310048103333
dtd,3,direct_prior,0.1,1.0,1692,814,48.10874704491725,48.10874704491725,2.088338508380703,0.6912041001471454,0.13982894339001084,1,1,0,0.1773049645390071,34810e8e6e39b4630613e385bb25e4fccefa85ee11dcedd41db1eba32e300e29,0.02906259762270314,0.19565217733049906,1.0,0.8316310048103333
dtd,4,direct_prior,0.2,1.0,1692,817,48.28605200945626,48.28605200945627,2.092087295591335,0.6916593757292834,0.14034021848540534,4,1,3,0.5319148936170213,f244bee8295e0b359f920f53fd779081b3763adff9e129f61b4570c5a511230b,0.05812519524540628,0.3913043546609981,1.0,0.8316310048103333
dtd,5,direct_prior,0.3,1.0,1692,818,48.3451536643026,48.3451536643026,2.0959959548036364,0.6921237138250658,0.14064590050185816,5,1,4,0.8865248226950355,4a8c30012b64d2ae2dab1da7f871df0e4d73673676882b400e7dc10e4ffc7e74,0.08718779286810942,0.5869565319914971,1.0,0.8316310048103333
dtd,6,entropy_gated_prior,0.025,1.0,1692,814,48.10874704491725,48.10874704491725,2.085047327080711,0.6907929422654107,0.13843738013703719,0,0,0,0.0,3457efd5b353ddfea8146ca40e1440c17b40dfa197cbd9db03bc1c7140359f23,0.001873475214691819,0.031558203855716074,0.2912843155207027,0.8316310048103333
dtd,7,entropy_gated_prior,0.05,1.0,1692,814,48.10874704491725,48.10874704491725,2.0853403966112514,0.690826904626893,0.13858757021588633,0,0,0,0.0,3457efd5b353ddfea8146ca40e1440c17b40dfa197cbd9db03bc1c7140359f23,0.003746950429383638,0.06311640771143215,0.2912843155207027,0.8316310048103333
dtd,8,entropy_gated_prior,0.1,1.0,1692,815,48.167848699763596,48.167848699763596,2.0859359944206384,0.6908958172275885,0.1382969476617698,1,0,1,0.1182033096926714,217a51b01fb5a609d9919eae79b61cfd5ad8bbb0ac3040d5815d3a29c0c499be,0.007493900858767276,0.1262328154228643,0.2912843155207027,0.8316310048103333
dtd,9,entropy_gated_prior,0.2,1.0,1692,815,48.167848699763596,48.167848699763596,2.0871644761977644,0.6910374641282715,0.13890263453545337,2,1,1,0.3546099290780142,e1c5bb62c4978572e29833cf63f7e196003a02d6940b1e6ef83ece51f21dc7df,0.014987801717534553,0.2524656308457286,0.2912843155207027,0.8316310048103333
dtd,10,entropy_gated_prior,0.3,1.0,1692,817,48.28605200945626,48.28605200945627,2.088441646183767,0.6911839676875714,0.1383221324081705,4,1,3,0.4728132387706856,153f6757fadb8ab2c6a2ae749fd3bcc07687d51c020ed0397cfef1a2b5c66fc5,0.022481702576301825,0.3786984462685929,0.2912843155207027,0.8316310048103333
eurosat,0,direct_prior,0.01,1.0,8100,5095,62.901234567901234,63.22222222222222,1.8383124271051834,0.5785157609023889,0.21616193258332084,12,14,-2,0.4814814814814815,9e18aacdf40fa1287436e1349d0b5709ef29294586b098384bdec89cef3b061f,0.033388755466841516,0.19999999482176184,1.0,0.7119421362876892
eurosat,1,direct_prior,0.025,1.0,8100,5092,62.864197530864196,63.1888888888889,1.8461438911997174,0.5801952298424725,0.21626364897439926,22,27,-5,1.0,af3e9ebf50484e0d86e9db8197bc869d00e3042fd89e2708dc8129224282e4f8,0.0834718886671038,0.4999999870544046,1.0,0.7119421362876892
eurosat,2,direct_prior,0.05,1.0,8100,5084,62.76543209876543,63.09888888888888,1.8604488023801256,0.5832568066799527,0.21711061999511383,43,56,-13,1.8888888888888888,6c1cf9fc125e9bde70433d9e36aeedafb41e1df41952ca55fbd938adb403211e,0.1669437773342076,0.9999999741088093,1.0,0.7119421362876892
eurosat,3,direct_prior,0.1,1.0,8100,5063,62.50617283950617,62.841111111111104,1.8937302292648275,0.590287323249751,0.21989147891249378,83,117,-34,3.888888888888889,f4ae8bdb22e94a58bd53ecf4ea787fef432915f82a4ae29bcd2e0f07f42fff0d,0.3338875546684152,1.9999999482176185,1.0,0.7119421362876892
eurosat,4,direct_prior,0.2,1.0,8100,4979,61.46913580246913,61.85999999999999,1.9782631118479745,0.6074721520237923,0.23276458627555197,128,246,-118,7.098765432098765,947e89fd4bd4eaedd90b8532a9300b0626f7c7c5b79ec081a15ed543b876925d,0.6677751093368304,3.999999896435237,1.0,0.7119421362876892
eurosat,5,direct_prior,0.3,1.0,8100,4892,60.39506172839506,60.8788888888889,2.084093672441444,0.6270176849149772,0.24831614894690385,162,367,-205,9.88888888888889,962143d57b42a54665a19e6ac6815db26838aace5ae01a0aa3f5c47e7b8085f9,1.0016626640052455,5.999999844652854,1.0,0.7119421362876892
eurosat,6,entropy_gated_prior,0.025,1.0,8100,5095,62.901234567901234,63.22222222222222,1.8414192641961329,0.5796191323851677,0.21593455405643275,21,23,-2,0.8641975308641975,d68688fc752144fe33037cf60b86cf5e6fd65b01a41f23af11ccce8a9d89b58e,0.042700667721015634,0.44014061050564923,0.452882288311391,0.7119421362876892
eurosat,7,entropy_gated_prior,0.05,1.0,8100,5091,62.85185185185185,63.18111111111111,1.8504369476880902,0.581991901902383,0.21636494113056576,35,41,-6,1.5185185185185186,c4709f6a239753570649834e6b44f9fa4b50490a0907bf97c3d3e0eece8700eb,0.08540133544203127,0.8802812210112985,0.452882288311391,0.7119421362876892
eurosat,8,entropy_gated_prior,0.1,1.0,8100,5066,62.543209876543216,62.88,1.8714611145090843,0.587326474972134,0.219373286802798,68,99,-31,3.234567901234568,f497693a8e82b6baf68809fdb1177b33bbbf3facf4c5af7401b3522c3c35ddbb,0.17080267088406254,1.760562442022597,0.452882288311391,0.7119421362876892
eurosat,9,entropy_gated_prior,0.2,1.0,8100,5028,62.07407407407407,62.43777777777778,1.925067216892417,0.599932932011066,0.22687065616464477,109,178,-69,5.580246913580247,d305f8f8360b8e05ac0c24e00256fa1ba72a6d77eb9bcf7bfd208ebdadcb8ea7,0.34160534176812507,3.521124884045194,0.452882288311391,0.7119421362876892
eurosat,10,entropy_gated_prior,0.3,1.0,8100,4954,61.16049382716049,61.6,1.992770911913819,0.6143031137680697,0.23858061734823793,140,283,-143,8.049382716049383,16f263c4db12b33160a73216045cd4df336f329b47db3da51fe03e69cd51cec0,0.5124080126521875,5.2816873260677895,0.452882288311391,0.7119421362876892
oxford_pets,0,direct_prior,0.01,1.0,3669,3372,91.9051512673753,91.86871199983676,0.23244627048591884,0.11486897014795173,0.022779091627778008,0,0,0,0.0,08da54d78a333215155ce4193ac89e19a33c0138f829cd1fb0aae415fd8ac6e2,0.003040711708005247,0.018333332841191808,1.0,0.9654970169067383
oxford_pets,1,direct_prior,0.025,1.0,3669,3372,91.9051512673753,91.86871199983676,0.23246641075235394,0.11487450833200798,0.02278384363247839,0,0,0,0.0,08da54d78a333215155ce4193ac89e19a33c0138f829cd1fb0aae415fd8ac6e2,0.007601779270013119,0.04583333210297952,1.0,0.9654970169067383
oxford_pets,2,direct_prior,0.05,1.0,3669,3371,91.87789588443718,91.84168497280974,0.2325000534909773,0.11488376124158378,0.022519098502046187,0,1,-1,0.027255382938130283,1b5dfe6c1a97ba905c1c15c6719450158341c346a17f4215d030bc877ff25430,0.015203558540026238,0.09166666420595904,1.0,0.9654970169067383
oxford_pets,3,direct_prior,0.1,1.0,3669,3371,91.87789588443718,91.84168497280974,0.23256762203019585,0.11490235163301121,0.02253460461397533,0,1,-1,0.027255382938130283,1b5dfe6c1a97ba905c1c15c6719450158341c346a17f4215d030bc877ff25430,0.030407117080052476,0.18333332841191807,1.0,0.9654970169067383
oxford_pets,4,direct_prior,0.2,1.0,3669,3372,91.9051512673753,91.86871199983676,0.2327038871778042,0.11493986924458574,0.022400816343599573,1,1,0,0.05451076587626057,ccd15f63968379da62b8d13389df0ea54c0467013ae97452339426279faec543,0.06081423416010495,0.36666665682383615,1.0,0.9654970169067383
oxford_pets,5,direct_prior,0.3,1.0,3669,3373,91.93240665031344,91.8957390268638,0.23284164857119233,0.11497783319009146,0.022377919421789908,2,1,1,0.08176614881439084,340ca101be98156b941c4ac19736cc53a43c89b6e4dcbcf669d48e3f15e048f3,0.09122135124015741,0.5499999852357542,1.0,0.9654970169067383
oxford_pets,6,entropy_gated_prior,0.025,1.0,3669,3372,91.9051512673753,91.86871199983676,0.2324356937338229,0.11486592300078236,0.022777073658028044,0,0,0,0.0,08da54d78a333215155ce4193ac89e19a33c0138f829cd1fb0aae415fd8ac6e2,0.0001780322163167415,0.010635503351801696,0.03349810687439676,0.9654970169067383
oxford_pets,7,entropy_gated_prior,0.05,1.0,3669,3372,91.9051512673753,91.86871199983676,0.23243852977912363,0.11486656459236376,0.02277822800612683,0,0,0,0.0,08da54d78a333215155ce4193ac89e19a33c0138f829cd1fb0aae415fd8ac6e2,0.000356064432633483,0.021271006703603393,0.03349810687439676,0.9654970169067383
oxford_pets,8,entropy_gated_prior,0.1,1.0,3669,3371,91.87789588443718,91.84168497280974,0.23244421650005664,0.11486785458757477,0.02250786936939127,0,1,-1,0.027255382938130283,1b5dfe6c1a97ba905c1c15c6719450158341c346a17f4215d030bc877ff25430,0.000712128865266966,0.042542013407206786,0.03349810687439676,0.9654970169067383
oxford_pets,9,entropy_gated_prior,0.2,1.0,3669,3371,91.87789588443718,91.84168497280974,0.23245564838968014,0.11487046176173557,0.022512236582693135,0,1,-1,0.027255382938130283,1b5dfe6c1a97ba905c1c15c6719450158341c346a17f4215d030bc877ff25430,0.001424257730533932,0.08508402681441357,0.03349810687439676,0.9654970169067383
oxford_pets,10,entropy_gated_prior,0.3,1.0,3669,3371,91.87789588443718,91.84168497280974,0.23246715806979593,0.11487310505711247,0.022516586321638107,0,1,-1,0.027255382938130283,1b5dfe6c1a97ba905c1c15c6719450158341c346a17f4215d030bc877ff25430,0.0021363865958008974,0.12762604022162033,0.03349810687439676,0.9654970169067383
ucf101,0,direct_prior,0.01,1.0,3783,2738,72.37642083002908,72.0325590092561,1.3974945294839352,0.40259594538761806,0.13752398851244857,0,0,0,0.0,3fed08a2e86ed055e4e2a30d0da57991da0b58beed719fdf7e192a04a6640fd2,0.00427398833441845,0.026133331636604945,1.0,0.9488303065299988
ucf101,1,direct_prior,0.025,1.0,3783,2738,72.37642083002908,72.0325590092561,1.3977878445626348,0.4026183079865212,0.1375451958290992,0,0,0,0.0,3fed08a2e86ed055e4e2a30d0da57991da0b58beed719fdf7e192a04a6640fd2,0.010684970836046123,0.06533332909151236,1.0,0.9488303065299988
ucf101,2,direct_prior,0.05,1.0,3783,2738,72.37642083002908,72.0325590092561,1.3982770640236581,0.4026555607772736,0.13758041501425933,0,0,0,0.0,3fed08a2e86ed055e4e2a30d0da57991da0b58beed719fdf7e192a04a6640fd2,0.021369941672092246,0.13066665818302473,1.0,0.9488303065299988
ucf101,3,direct_prior,0.1,1.0,3783,2738,72.37642083002908,72.0325590092561,1.3992568453714809,0.40272999784149166,0.13765123996278783,0,0,0,0.026434047052603753,cb0a27906ff29d3cfa736be057e17485f62a237f20b072f98dfe74fe59f9312a,0.04273988334418449,0.26133331636604945,1.0,0.9488303065299988
ucf101,4,direct_prior,0.2,1.0,3783,2738,72.37642083002908,72.0325590092561,1.4012216918266684,0.4028785963235646,0.13807428348266354,0,0,0,0.05286809410520751,9caed50857dee4e2df757217a6636d194759882f7048d99f65ea0efb66e0a2de,0.08547976668836899,0.5226666327320989,1.0,0.9488303065299988
ucf101,5,direct_prior,0.3,1.0,3783,2738,72.37642083002908,72.0325590092561,1.4031934250076543,0.4030268250043112,0.13835513879953892,0,0,0,0.07930214115781126,ed527d8e70415fb7ddede236b029f8c74b6be7c0daad10a31187329096535a50,0.12821965003255345,0.7839999490981483,1.0,0.9488303065299988
ucf101,6,entropy_gated_prior,0.025,1.0,3783,2738,72.37642083002908,72.0325590092561,1.397357832923388,0.402586725572066,0.1375151917437462,0,0,0,0.0,3fed08a2e86ed055e4e2a30d0da57991da0b58beed719fdf7e192a04a6640fd2,0.0003482686494810399,0.020499300179810644,0.053182851859214376,0.9488303065299988
ucf101,7,entropy_gated_prior,0.05,1.0,3783,2738,72.37642083002908,72.0325590092561,1.3974166172871971,0.40259241788265465,0.1375205583308162,0,0,0,0.0,3fed08a2e86ed055e4e2a30d0da57991da0b58beed719fdf7e192a04a6640fd2,0.0006965372989620798,0.04099860035962129,0.053182851859214376,0.9488303065299988
ucf101,8,entropy_gated_prior,0.1,1.0,3783,2738,72.37642083002908,72.0325590092561,1.3975342704102995,0.4026038000470719,0.13753127182186456,0,0,0,0.0,3fed08a2e86ed055e4e2a30d0da57991da0b58beed719fdf7e192a04a6640fd2,0.0013930745979241596,0.08199720071924257,0.053182851859214376,0.9488303065299988
ucf101,9,entropy_gated_prior,0.2,1.0,3783,2738,72.37642083002908,72.0325590092561,1.3977699125712566,0.4026265544764762,0.13769390633753714,0,0,0,0.026434047052603753,cb0a27906ff29d3cfa736be057e17485f62a237f20b072f98dfe74fe59f9312a,0.0027861491958483193,0.16399440143848515,0.053182851859214376,0.9488303065299988
ucf101,10,entropy_gated_prior,0.3,1.0,3783,2738,72.37642083002908,72.0325590092561,1.3980059994765224,0.4026492955745168,0.13757482186102388,0,0,0,0.026434047052603753,cb0a27906ff29d3cfa736be057e17485f62a237f20b072f98dfe74fe59f9312a,0.004179223793772477,0.2459916021577277,0.053182851859214376,0.9488303065299988
caltech101,0,direct_prior,0.01,1.0,2465,2322,94.19878296146045,91.93290638250912,0.16195516906908125,0.08614959157122809,0.021273235823017534,0,0,0,0.0,1ae68cac7916c904a961b25482d5d0e43fd5863b59031a1a30831eb1bb98b514,0.003460870772939076,0.01959595960556794,1.0,0.965071439743042
caltech101,1,direct_prior,0.025,1.0,2465,2322,94.19878296146045,91.93290638250912,0.16194979093656373,0.08614659486086511,0.021277921562083576,0,0,0,0.0,1ae68cac7916c904a961b25482d5d0e43fd5863b59031a1a30831eb1bb98b514,0.008652176932347688,0.048989899013919855,1.0,0.965071439743042
caltech101,2,direct_prior,0.05,1.0,2465,2322,94.19878296146045,91.93290638250912,0.16194092485202857,0.08614162725393719,0.021285706413119,0,0,0,0.0,1ae68cac7916c904a961b25482d5d0e43fd5863b59031a1a30831eb1bb98b514,0.017304353864695376,0.09797979802783971,1.0,0.965071439743042
caltech101,3,direct_prior,0.1,1.0,2465,2322,94.19878296146045,91.93290638250912,0.1619235552511202,0.08613179233137605,0.02130118417801099,0,0,0,0.0,1ae68cac7916c904a961b25482d5d0e43fd5863b59031a1a30831eb1bb98b514,0.03460870772939075,0.19595959605567942,1.0,0.965071439743042
caltech101,4,direct_prior,0.2,1.0,2465,2322,94.19878296146045,91.93290638250912,0.16189024396943374,0.08611251891316853,0.021331777586408952,0,0,0,0.0,1ae68cac7916c904a961b25482d5d0e43fd5863b59031a1a30831eb1bb98b514,0.0692174154587815,0.39191919211135884,1.0,0.965071439743042
caltech101,5,direct_prior,0.3,1.0,2465,2322,94.19878296146045,91.93290638250912,0.16185879542919887,0.08609376530727761,0.021038838013828998,0,0,0,0.0,1ae68cac7916c904a961b25482d5d0e43fd5863b59031a1a30831eb1bb98b514,0.10382612318817222,0.5878787881670382,1.0,0.965071439743042
caltech101,6,entropy_gated_prior,0.025,1.0,2465,2322,94.19878296146045,91.93290638250912,0.16195544877219184,0.0861499464042923,0.021271023140825785,0,0,0,0.0,1ae68cac7916c904a961b25482d5d0e43fd5863b59031a1a30831eb1bb98b514,0.00017266274422249518,0.011830857469919695,0.03905657976348166,0.965071439743042
caltech101,7,entropy_gated_prior,0.05,1.0,2465,2322,94.19878296146045,91.93290638250912,0.16195212791076086,0.08614830072297532,0.021271939372638306,0,0,0,0.0,1ae68cac7916c904a961b25482d5d0e43fd5863b59031a1a30831eb1bb98b514,0.00034532548844499035,0.02366171493983939,0.03905657976348166,0.965071439743042
caltech101,8,entropy_gated_prior,0.1,1.0,2465,2322,94.19878296146045,91.93290638250912,0.16194551414203445,0.08614502148795708,0.021273768482537467,0,0,0,0.0,1ae68cac7916c904a961b25482d5d0e43fd5863b59031a1a30831eb1bb98b514,0.0006906509768899807,0.04732342987967878,0.03905657976348166,0.965071439743042
caltech101,9,entropy_gated_prior,0.2,1.0,2465,2322,94.19878296146045,91.93290638250912,0.16193239806799745,0.08613851150930442,0.021277413295878105,0,0,0,0.0,1ae68cac7916c904a961b25482d5d0e43fd5863b59031a1a30831eb1bb98b514,0.0013813019537799614,0.09464685975935756,0.03905657976348166,0.965071439743042
caltech101,10,entropy_gated_prior,0.3,1.0,2465,2322,94.19878296146045,91.93290638250912,0.16191942994360872,0.08613206614897924,0.021281040248874568,0,0,0,0.0,1ae68cac7916c904a961b25482d5d0e43fd5863b59031a1a30831eb1bb98b514,0.002071952930669942,0.14197028963903632,0.03905657976348166,0.965071439743042
stanford_cars,0,direct_prior,0.01,1.0,8041,5608,69.74256933217261,69.70021863669838,0.9435509532633175,0.404875004170348,0.05879715933751131,0,0,0,0.0,ec8a0ff279a527faad27ede5efeb21cd86bc696bfffcf8a4711614f90cfe9c96,0.002153824682603102,0.0193846169330925,1.0,0.9688323140144348
stanford_cars,1,direct_prior,0.025,1.0,8041,5608,69.74256933217261,69.70021863669838,0.9435769810244399,0.4048781632289932,0.05880565731956798,0,0,0,0.0,ec8a0ff279a527faad27ede5efeb21cd86bc696bfffcf8a4711614f90cfe9c96,0.005384561706507756,0.04846154233273125,1.0,0.9688323140144348
stanford_cars,2,direct_prior,0.05,1.0,8041,5608,69.74256933217261,69.70021863669838,0.9436204001910624,0.40488343054595943,0.05881981808014823,0,0,0,0.012436264146250466,69bbe0b703b97e705605d8e2b762f4c006271f9960aa73b7218d6cb55b477e78,0.010769123413015513,0.0969230846654625,1.0,0.9688323140144348
stanford_cars,3,direct_prior,0.1,1.0,8041,5607,69.73013306802636,69.68835342549762,0.9437073863424912,0.40489397346919775,0.05897250322658793,0,1,-1,0.02487252829250093,a7dc05b24080fd2fd05e933517e9f16c0bba58936c8b5a919352218740289ed0,0.021538246826031025,0.193846169330925,1.0,0.9688323140144348
stanford_cars,4,direct_prior,0.2,1.0,8041,5607,69.73013306802636,69.68835342549762,0.943881945699606,0.40491509222262906,0.0590289995071794,0,1,-1,0.0373087924387514,e9a1e0ae0a48acbb88acac431c0822586bb22d11e15dd92dc5b17ad56376a323,0.04307649365206205,0.38769233866185,1.0,0.9688323140144348
stanford_cars,5,direct_prior,0.3,1.0,8041,5608,69.74256933217261,69.70079742748865,0.9440572799123953,0.404936254387983,0.05896105812627019,1,1,0,0.06218132073125233,2c9b3b02eedb504804ad8de333d75db2287dbe363e791e20d7404def8446fa58,0.06461474047809306,0.581538507992775,1.0,0.9688323140144348
stanford_cars,6,entropy_gated_prior,0.025,1.0,8041,5608,69.74256933217261,69.70021863669838,0.9435372091205319,0.4048734698917036,0.05879318082964974,0,0,0,0.0,ec8a0ff279a527faad27ede5efeb21cd86bc696bfffcf8a4711614f90cfe9c96,0.00031365494483609317,0.015084910764620428,0.07160936238987517,0.9688323140144348
stanford_cars,7,entropy_gated_prior,0.05,1.0,8041,5608,69.74256933217261,69.70021863669838,0.9435408089302598,0.40487404132614213,0.05879487052776856,0,0,0,0.0,ec8a0ff279a527faad27ede5efeb21cd86bc696bfffcf8a4711614f90cfe9c96,0.0006273098896721863,0.030169821529240855,0.07160936238987517,0.9688323140144348
stanford_cars,8,entropy_gated_prior,0.1,1.0,8041,5608,69.74256933217261,69.70021863669838,0.9435480146145566,0.40487518488425045,0.058798248504397084,0,0,0,0.0,ec8a0ff279a527faad27ede5efeb21cd86bc696bfffcf8a4711614f90cfe9c96,0.0012546197793443727,0.06033964305848171,0.07160936238987517,0.9688323140144348
stanford_cars,9,entropy_gated_prior,0.2,1.0,8041,5608,69.74256933217261,69.70021863669838,0.9435624502039712,0.4048774747516326,0.058804998786672634,0,0,0,0.0,ec8a0ff279a527faad27ede5efeb21cd86bc696bfffcf8a4711614f90cfe9c96,0.0025092395586887454,0.12067928611696342,0.07160936238987517,0.9688323140144348
stanford_cars,10,entropy_gated_prior,0.3,1.0,8041,5608,69.74256933217261,69.70021863669838,0.9435769180146565,0.40487976827629174,0.058811753245082525,0,0,0,0.012436264146250466,69bbe0b703b97e705605d8e2b762f4c006271f9960aa73b7218d6cb55b477e78,0.0037638593380331167,0.18101892917544513,0.07160936238987517,0.9688323140144348
oxford_flowers,0,direct_prior,0.01,1.0,2463,1849,75.07105156313439,74.34544415384529,1.2768517170926648,0.36625248011815015,0.06904849897922653,0,0,0,0.04060089321965083,aa227cd593982c5981047516163d872e9798aef5a7490d95c7edb705dbe6ab48,0.002123526783471061,0.013069306567325313,1.0,0.9436365365982056
oxford_flowers,1,direct_prior,0.025,1.0,2463,1849,75.07105156313439,74.34544415384529,1.2770505434299335,0.3662624595198491,0.06907309882344148,0,0,0,0.04060089321965083,aa227cd593982c5981047516163d872e9798aef5a7490d95c7edb705dbe6ab48,0.005308816958677651,0.032673266418313286,1.0,0.9436365365982056
oxford_flowers,2,direct_prior,0.05,1.0,2463,1849,75.07105156313439,74.34544415384529,1.2773822994699304,0.366279101053478,0.06911398009085301,0,0,0,0.04060089321965083,aa227cd593982c5981047516163d872e9798aef5a7490d95c7edb705dbe6ab48,0.010617633917355302,0.06534653283662657,1.0,0.9436365365982056
oxford_flowers,3,direct_prior,0.1,1.0,2463,1849,75.07105156313439,74.34544415384529,1.2780472230591142,0.3663124178374991,0.06897913660115065,0,0,0,0.04060089321965083,aa227cd593982c5981047516163d872e9798aef5a7490d95c7edb705dbe6ab48,0.021235267834710605,0.13069306567325314,1.0,0.9436365365982056
oxford_flowers,4,direct_prior,0.2,1.0,2463,1850,75.11165245635404,74.39446376168844,1.2793826470664185,0.36637918044654283,0.06824759916644135,1,0,1,0.08120178643930166,aeb1d3e088632a3945c580cae1374dcd85fe94aa1a4561b2f04909de3f1e1afa,0.04247053566942121,0.2613861313465063,1.0,0.9436365365982056
oxford_flowers,5,direct_prior,0.3,1.0,2463,1850,75.11165245635404,74.39446376168844,1.2807253778441048,0.36644610452255183,0.06873209190663128,1,0,1,0.12180267965895249,62e410d6cf7a623ab4bcff0950e50740d53431d2efacbc9d0d93fce6b8092f15,0.06370580350413182,0.39207919701975935,1.0,0.9436365365982056
oxford_flowers,6,entropy_gated_prior,0.025,1.0,2463,1849,75.07105156313439,74.34544415384529,1.2767940313804518,0.3662496654430163,0.06903849168757097,0,0,0,0.04060089321965083,aa227cd593982c5981047516163d872e9798aef5a7490d95c7edb705dbe6ab48,0.0003091251461445859,0.01590625459954158,0.07736422602785671,0.9436365365982056
oxford_flowers,7,entropy_gated_prior,0.05,1.0,2463,1849,75.07105156313439,74.34544415384529,1.2768688415832206,0.36625350403470364,0.06904490529983827,0,0,0,0.04060089321965083,aa227cd593982c5981047516163d872e9798aef5a7490d95c7edb705dbe6ab48,0.0006182502922891718,0.03181250919908316,0.07736422602785671,0.9436365365982056
oxford_flowers,8,entropy_gated_prior,0.1,1.0,2463,1849,75.07105156313439,74.34544415384529,1.2770185819031294,0.366261189161405,0.06905770642879423,0,0,0,0.04060089321965083,aa227cd593982c5981047516163d872e9798aef5a7490d95c7edb705dbe6ab48,0.0012365005845783436,0.06362501839816632,0.07736422602785671,0.9436365365982056
oxford_flowers,9,entropy_gated_prior,0.2,1.0,2463,1849,75.07105156313439,74.34544415384529,1.2773185402785106,0.3662765909159284,0.06908320468463253,0,0,0,0.04060089321965083,aa227cd593982c5981047516163d872e9798aef5a7490d95c7edb705dbe6ab48,0.002473001169156687,0.12725003679633265,0.07736422602785671,0.9436365365982056
oxford_flowers,10,entropy_gated_prior,0.3,1.0,2463,1849,75.07105156313439,74.34544415384529,1.2776191320018948,0.3662920341607608,0.06910856499139185,0,0,0,0.04060089321965083,aa227cd593982c5981047516163d872e9798aef5a7490d95c7edb705dbe6ab48,0.0037095017537350315,0.19087505519449896,0.07736422602785671,0.9436365365982056
food101,0,direct_prior,0.01,1.0,30300,26344,86.94389438943895,86.94389438943892,0.5282058735153408,0.19536319190378906,0.05287912526752837,0,0,0,0.0,ad5ab62afd8cb1977f884bbe0a8f981f9243fcbcdf9dec0b9acfd2d778fc64d9,0.0014774232194054821,0.0066666665933998,1.0,0.9826149940490723
food101,1,direct_prior,0.025,1.0,30300,26344,86.94389438943895,86.94389438943892,0.5282457591783264,0.19536593523598203,0.05288431723402372,0,0,0,0.0,ad5ab62afd8cb1977f884bbe0a8f981f9243fcbcdf9dec0b9acfd2d778fc64d9,0.003693558048513708,0.0166666664834995,1.0,0.9826149940490723
food101,2,direct_prior,0.05,1.0,30300,26343,86.94059405940594,86.94059405940592,0.5283122675661145,0.19537050549690482,0.05292596359596333,0,1,-1,0.0033003300330033,3dc8b3b96a883b25f40f6469bebc2f470da18ab1c3df6b7a1adbc6eecfa3d371,0.007387116097027416,0.033333332966999,1.0,0.9826149940490723
food101,3,direct_prior,0.1,1.0,30300,26343,86.94059405940594,86.94059405940592,0.5284454048193411,0.19537963865933514,0.05294325425185796,0,1,-1,0.0066006600660066,f65efcea132d96223ffa183fc2e34d030464e38371bf10bbdade712681b07135,0.014774232194054831,0.066666665933998,1.0,0.9826149940490723
food101,4,direct_prior,0.2,1.0,30300,26341,86.93399339933994,86.93399339933993,0.5287121567509696,0.19539787546307374,0.0530437635337174,0,3,-3,0.0132013201320132,10c44a2b972f75267dc096a50579d3b06ee4de95e2e06bc6f83a558b1eabdc4f,0.029548464388109662,0.133333331867996,1.0,0.9826149940490723
food101,5,direct_prior,0.3,1.0,30300,26342,86.93729372937294,86.93729372937294,0.5289795368368807,0.19541607276588674,0.05304505343259238,1,3,-2,0.019801980198019802,55e8039d8f3373be03362f614560c90afc404f65ee03a811762bdf4b9157ea29,0.044322696582164464,0.19999999780199396,1.0,0.9826149940490723
food101,6,entropy_gated_prior,0.025,1.0,30300,26344,86.94389438943895,86.94389438943892,0.5281813232108992,0.1953615794073853,0.052876130036724735,0,0,0,0.0,ad5ab62afd8cb1977f884bbe0a8f981f9243fcbcdf9dec0b9acfd2d778fc64d9,3.878750710850172e-05,0.006240837869720032,0.012337732612892892,0.9826149940490723
food101,7,entropy_gated_prior,0.05,1.0,30300,26344,86.94389438943895,86.94389438943892,0.5281833558939637,0.1953617963488639,0.05287659922263318,0,0,0,0.0,ad5ab62afd8cb1977f884bbe0a8f981f9243fcbcdf9dec0b9acfd2d778fc64d9,7.757501421700344e-05,0.012481675739440064,0.012337732612892892,0.9826149940490723
food101,8,entropy_gated_prior,0.1,1.0,30300,26344,86.94389438943895,86.94389438943892,0.5281874231721143,0.19536223041264844,0.05287753703628788,0,0,0,0.0,ad5ab62afd8cb1977f884bbe0a8f981f9243fcbcdf9dec0b9acfd2d778fc64d9,0.0001551500284340069,0.024963351478880128,0.012337732612892892,0.9826149940490723
food101,9,entropy_gated_prior,0.2,1.0,30300,26344,86.94389438943895,86.94389438943892,0.5281955653641647,0.19536309926186757,0.05287941043477327,0,0,0,0.0,ad5ab62afd8cb1977f884bbe0a8f981f9243fcbcdf9dec0b9acfd2d778fc64d9,0.0003103000568680138,0.049926702957760256,0.012337732612892892,0.9826149940490723
food101,10,entropy_gated_prior,0.3,1.0,30300,26344,86.94389438943895,86.94389438943892,0.5282037177137815,0.19536396907013565,0.05288128086876196,0,0,0,0.0,ad5ab62afd8cb1977f884bbe0a8f981f9243fcbcdf9dec0b9acfd2d778fc64d9,0.0004654500853020208,0.07489005443664037,0.012337732612892892,0.9826149940490723
sun397,0,direct_prior,0.01,1.0,19850,13665,68.84130982367758,68.84130982367756,1.5917541199992782,0.48221398558380185,0.16812877898080053,0,0,0,0.0,982b94abdfc4a32dce3801875d034504a1fac2c05f2d367ca3b2e7d62cde07d5,0.002572655416682247,0.01313131243949756,1.0,0.9838694334030151
sun397,1,direct_prior,0.025,1.0,19850,13665,68.84130982367758,68.84130982367756,1.5918335743720644,0.48221643385896695,0.16813355574786026,0,0,0,0.0,982b94abdfc4a32dce3801875d034504a1fac2c05f2d367ca3b2e7d62cde07d5,0.006431638541705613,0.0328282810987439,1.0,0.9838694334030151
sun397,2,direct_prior,0.05,1.0,19850,13665,68.84130982367758,68.84130982367756,1.5919660228069439,0.4822205134703909,0.16814150709587095,0,0,0,0.0,982b94abdfc4a32dce3801875d034504a1fac2c05f2d367ca3b2e7d62cde07d5,0.012863277083411225,0.0656565621974878,1.0,0.9838694334030151
sun397,3,direct_prior,0.1,1.0,19850,13665,68.84130982367758,68.84130982367756,1.5922310110994282,0.4822286695339412,0.16815740239872626,0,0,0,0.010075566750629723,a221b12686153a4dca76b7bfa9e6590b2f16040adb96d98c3c6b5e10b1d9b34e,0.02572655416682245,0.1313131243949756,1.0,0.9838694334030151
sun397,4,direct_prior,0.2,1.0,19850,13664,68.83627204030228,68.83627204030226,1.592761350468756,0.48224496915839754,0.16823943532723157,0,1,-1,0.025188916876574305,cd97c7b283b72cd2c5f3da55e3ee21c40c9e9811c44bb55c763ff80802739f6e,0.0514531083336449,0.2626262487899512,1.0,0.9838694334030151
sun397,5,direct_prior,0.3,1.0,19850,13663,68.83123425692695,68.83123425692695,1.593292168107964,0.4822612523617598,0.16832136015552585,0,2,-2,0.04030226700251889,b3f3b130cb2d3d43e3b739c073338c2501daba4cf3dcff34668ffd60609cc991,0.07717966250046743,0.39393937318492683,1.0,0.9838694334030151
sun397,6,entropy_gated_prior,0.025,1.0,19850,13665,68.84130982367758,68.84130982367756,1.5917054072456747,0.48221257981981447,0.16812611165535946,0,0,0,0.0,982b94abdfc4a32dce3801875d034504a1fac2c05f2d367ca3b2e7d62cde07d5,0.0001072818799188287,0.00877275540837697,0.021782789831573775,0.9838694334030151
sun397,7,entropy_gated_prior,0.05,1.0,19850,13665,68.84130982367758,68.84130982367756,1.5917096585967176,0.48221280651395915,0.1681266311511882,0,0,0,0.0,982b94abdfc4a32dce3801875d034504a1fac2c05f2d367ca3b2e7d62cde07d5,0.0002145637598376574,0.01754551081675394,0.021782789831573775,0.9838694334030151
sun397,8,entropy_gated_prior,0.1,1.0,19850,13665,68.84130982367758,68.84130982367756,1.5917181632679887,0.4822132600887311,0.16812766960803865,0,0,0,0.0,982b94abdfc4a32dce3801875d034504a1fac2c05f2d367ca3b2e7d62cde07d5,0.0004291275196753148,0.03509102163350788,0.021782789831573775,0.9838694334030151
sun397,9,entropy_gated_prior,0.2,1.0,19850,13665,68.84130982367758,68.84130982367756,1.5917351804757927,0.48221416798270295,0.16812974438545703,0,0,0,0.0,982b94abdfc4a32dce3801875d034504a1fac2c05f2d367ca3b2e7d62cde07d5,0.0008582550393506296,0.07018204326701576,0.021782789831573775,0.9838694334030151
sun397,10,entropy_gated_prior,0.3,1.0,19850,13665,68.84130982367758,68.84130982367756,1.5917522081488271,0.4822150768663885,0.16813181632009472,0,0,0,0.0,982b94abdfc4a32dce3801875d034504a1fac2c05f2d367ca3b2e7d62cde07d5,0.0012873825590259446,0.10527306490052361,0.021782789831573775,0.9838694334030151
