dataset,arm,config_sha256,wrong_to_correct,correct_to_wrong,net_correction,changed_prediction_rate,ncr,accuracy,nll,brier,ece
oxford_pets,posterior,a849f56a0a970fd61c0414d361bc392a5c5832d36cd9ff6e54a85838a0fecf45,0,1,-1,0.027255382938130283,-0.02725538293813028,91.87789588443718,0.23249914414928305,0.11487960864166111,0.02252183446412394
oxford_pets,posterior,0eefcc38f06fe1a12575ef68cd598a6d61b75ccb163571ddfbe3061208fad59f,0,0,0,0.0,0.0,91.9051512673753,0.23248950893543055,0.11487499367609177,0.022793511740516113
oxford_pets,posterior,aefffc43babaab8eb6fcbc2475d9a71792820253c3caa607f50d9331d7772ece,1,1,0,0.05451076587626057,0.0,91.9051512673753,0.23256571648016505,0.1148939861787311,0.022812607028270503
oxford_pets,posterior,1277c7d2c13875da67801ba1bf33750a03111ce816d79d517ced73b3d3ebb8da,0,1,-1,0.027255382938130283,-0.02725538293813028,91.87789588443718,0.23254634477902672,0.11488472573859193,0.022538333741349427
oxford_pets,posterior,2c043afd9daec8300e98688fa934ba86e579c3f4464ce7a217519cd399b61f9d,1,1,0,0.05451076587626057,0.0,91.9051512673753,0.23269978173366693,0.1149229340541587,0.02208507246203037
oxford_pets,posterior,f6125e291cb3d163801196312b2c12d6678518454a49169fa36b75448eb41a5a,1,1,0,0.05451076587626057,0.0,91.9051512673753,0.23266066888579584,0.11490429128408756,0.02208211239448648
oxford_pets,posterior,974f4b9286d70cf4e60618cde4fef315c47404c14d5f75a93d9b0c11eb2b33d9,1,1,0,0.05451076587626057,0.0,91.9051512673753,0.23256571648016505,0.1148939861787311,0.022812607028270503
oxford_pets,posterior,5fc1060e7e727ae166004f5c7faf03e5d8cce54ca4fa0b2cae981bccd689e18d,0,1,-1,0.027255382938130283,-0.02725538293813028,91.87789588443718,0.23254634477902672,0.11488472573859193,0.022538333741349427
oxford_pets,posterior,f65a72582364988b015a3ad55c75860e43ef7f69d9e7acf795e41834e4f24cfc,1,1,0,0.05451076587626057,0.0,91.9051512673753,0.23269978173366693,0.1149229340541587,0.02208507246203037
oxford_pets,posterior,5cfd27b18789321ca909eb75ff5aa9bdd0a06f89c1bc0052c31b72d72c122704,1,1,0,0.05451076587626057,0.0,91.9051512673753,0.23266066888579584,0.11490429128408756,0.02208211239448648
oxford_pets,posterior,e708eefcb84e77c85151dd0e25aede3398ba3910999182688e186c7a9ee00bc2,2,1,1,0.08176614881439084,0.02725538293813028,91.93240665031344,0.23297148284453312,0.11498154743259043,0.022412100513906037
oxford_pets,posterior,d0a135beb7c6b09a54ce13c77d128e06b04edfd50077205b12dc37b8b2a10aae,2,1,1,0.08176614881439084,0.02725538293813028,91.93240665031344,0.23289174253969613,0.11494374449034093,0.02215157108090493
oxford_pets,posterior,0a8da61da7404f9b9a107ce06e6deb0f44c6bbd0b0b3d4b2e93a490b7838c189,1,1,0,0.05451076587626057,0.0,91.9051512673753,0.23269978173366693,0.1149229340541587,0.02208507246203037
oxford_pets,posterior,32196dc273fa89a6423bd87b43a39983f790fb54c729dce024f250bbfeb0708d,1,1,0,0.05451076587626057,0.0,91.9051512673753,0.23266066888579584,0.11490429128408756,0.02208211239448648
oxford_pets,posterior,d256e698c88a385627e87c4f606cd7e991a33eec5a94320d0a8c2ca749d80723,2,1,1,0.08176614881439084,0.02725538293813028,91.93240665031344,0.23297148284453312,0.11498154743259043,0.022412100513906037
oxford_pets,posterior,7736544593ca1ad232b175d4ea495335118a3e544d428142ed12941f6e595f4b,2,1,1,0.08176614881439084,0.02725538293813028,91.93240665031344,0.23289174253969613,0.11494374449034093,0.02215157108090493
oxford_pets,posterior,bcbc63809f17f9f0d62b91ec8e48d38572fa0f69884f136285ee22f1bed9fd47,2,1,1,0.08176614881439084,0.02725538293813028,91.93240665031344,0.2335288345547049,0.11510160715646918,0.023203382044665072
oxford_pets,posterior,0166d964f7dd6f270a762877bb75f9fdf99de181e80b99efc89c604054a210c3,2,1,1,0.08176614881439084,0.02725538293813028,91.93240665031344,0.23336338171827084,0.1150239528476396,0.022906489461116123
stanford_cars,posterior,a849f56a0a970fd61c0414d361bc392a5c5832d36cd9ff6e54a85838a0fecf45,0,0,0,0.012436264146250466,0.0,69.74256933217261,0.943634345399521,0.404884571764336,0.05882378568171627
stanford_cars,posterior,0eefcc38f06fe1a12575ef68cd598a6d61b75ccb163571ddfbe3061208fad59f,0,0,0,0.012436264146250466,0.0,69.74256933217261,0.9436278225175379,0.40488359340609137,0.058821624214636464
stanford_cars,posterior,aefffc43babaab8eb6fcbc2475d9a71792820253c3caa607f50d9331d7772ece,0,1,-1,0.02487252829250093,-0.012436264146250466,69.73013306802636,0.9437352858862313,0.4048962576696787,0.05898044463592211
stanford_cars,posterior,1277c7d2c13875da67801ba1bf33750a03111ce816d79d517ced73b3d3ebb8da,0,1,-1,0.02487252829250093,-0.012436264146250466,69.73013306802636,0.9437221990799429,0.40489430737990584,0.05897611944740826
stanford_cars,posterior,2c043afd9daec8300e98688fa934ba86e579c3f4464ce7a217519cd399b61f9d,0,1,-1,0.0373087924387514,-0.012436264146250466,69.73013306802636,0.9439377620002368,0.4049196789001087,0.05904483709550591
stanford_cars,posterior,f6125e291cb3d163801196312b2c12d6678518454a49169fa36b75448eb41a5a,0,1,-1,0.0373087924387514,-0.012436264146250466,69.73013306802636,0.9439113745791148,0.4049157471209672,0.059036242686320475
stanford_cars,posterior,974f4b9286d70cf4e60618cde4fef315c47404c14d5f75a93d9b0c11eb2b33d9,0,1,-1,0.02487252829250093,-0.012436264146250466,69.73013306802636,0.9437352858862313,0.4048962576696787,0.05898044463592211
stanford_cars,posterior,5fc1060e7e727ae166004f5c7faf03e5d8cce54ca4fa0b2cae981bccd689e18d,0,1,-1,0.02487252829250093,-0.012436264146250466,69.73013306802636,0.9437221990799429,0.40489430737990584,0.05897611944740826
stanford_cars,posterior,f65a72582364988b015a3ad55c75860e43ef7f69d9e7acf795e41834e4f24cfc,0,1,-1,0.0373087924387514,-0.012436264146250466,69.73013306802636,0.9439377620002368,0.4049196789001087,0.05904483709550591
stanford_cars,posterior,5cfd27b18789321ca909eb75ff5aa9bdd0a06f89c1bc0052c31b72d72c122704,0,1,-1,0.0373087924387514,-0.012436264146250466,69.73013306802636,0.9439113745791148,0.4049157471209672,0.059036242686320475
stanford_cars,posterior,e708eefcb84e77c85151dd0e25aede3398ba3910999182688e186c7a9ee00bc2,1,2,-1,0.08705384902375327,-0.012436264146250466,69.73013306802636,0.9443450360219038,0.40496666105124746,0.05917351429860635
stanford_cars,posterior,d0a135beb7c6b09a54ce13c77d128e06b04edfd50077205b12dc37b8b2a10aae,1,2,-1,0.08705384902375327,-0.012436264146250466,69.73013306802636,0.944291521402065,0.4049587564716854,0.059156084339382374
stanford_cars,posterior,0a8da61da7404f9b9a107ce06e6deb0f44c6bbd0b0b3d4b2e93a490b7838c189,0,1,-1,0.0373087924387514,-0.012436264146250466,69.73013306802636,0.9439377620002368,0.4049196789001087,0.05904483709550591
stanford_cars,posterior,32196dc273fa89a6423bd87b43a39983f790fb54c729dce024f250bbfeb0708d,0,1,-1,0.0373087924387514,-0.012436264146250466,69.73013306802636,0.9439113745791148,0.4049157471209672,0.059036242686320475
stanford_cars,posterior,d256e698c88a385627e87c4f606cd7e991a33eec5a94320d0a8c2ca749d80723,1,2,-1,0.08705384902375327,-0.012436264146250466,69.73013306802636,0.9443450360219038,0.40496666105124746,0.05917351429860635
stanford_cars,posterior,7736544593ca1ad232b175d4ea495335118a3e544d428142ed12941f6e595f4b,1,2,-1,0.08705384902375327,-0.012436264146250466,69.73013306802636,0.944291521402065,0.4049587564716854,0.059156084339382374
stanford_cars,posterior,bcbc63809f17f9f0d62b91ec8e48d38572fa0f69884f136285ee22f1bed9fd47,6,6,0,0.23628901877875888,0.0,69.74256933217261,0.9451686139628626,0.40506119540401575,0.05927396221916825
stanford_cars,posterior,0166d964f7dd6f270a762877bb75f9fdf99de181e80b99efc89c604054a210c3,5,6,-1,0.23628901877875888,-0.012436264146250466,69.73013306802636,0.945058793598254,0.40504519452563625,0.05939567607128264
sun397,posterior,a849f56a0a970fd61c0414d361bc392a5c5832d36cd9ff6e54a85838a0fecf45,0,0,0,0.010075566750629723,0.0,68.84130982367758,1.592017319610852,0.4822217297313796,0.16814420367105484
sun397,posterior,0eefcc38f06fe1a12575ef68cd598a6d61b75ccb163571ddfbe3061208fad59f,0,0,0,0.005037783375314861,0.0,68.84130982367758,1.59200590433523,0.4822211725705817,0.16814322858110486
sun397,posterior,aefffc43babaab8eb6fcbc2475d9a71792820253c3caa607f50d9331d7772ece,0,0,0,0.010075566750629723,0.0,68.84130982367758,1.5923336316864087,0.48223110061448526,0.1681627745265775
sun397,posterior,1277c7d2c13875da67801ba1bf33750a03111ce816d79d517ced73b3d3ebb8da,0,0,0,0.010075566750629723,0.0,68.84130982367758,1.5923107799247722,0.4822299891635213,0.16816083372277338
sun397,posterior,2c043afd9daec8300e98688fa934ba86e579c3f4464ce7a217519cd399b61f9d,0,1,-1,0.030226700251889168,-0.005037783375314861,68.83627204030228,1.5929666850485047,0.4822498194216481,0.16825013216481705
sun397,posterior,f6125e291cb3d163801196312b2c12d6678518454a49169fa36b75448eb41a5a,0,1,-1,0.020151133501259445,-0.005037783375314861,68.83627204030228,1.5929208962489434,0.48224759570297127,0.1682462663742097
sun397,posterior,974f4b9286d70cf4e60618cde4fef315c47404c14d5f75a93d9b0c11eb2b33d9,0,0,0,0.010075566750629723,0.0,68.84130982367758,1.5923336316864087,0.48223110061448526,0.1681627745265775
sun397,posterior,5fc1060e7e727ae166004f5c7faf03e5d8cce54ca4fa0b2cae981bccd689e18d,0,0,0,0.010075566750629723,0.0,68.84130982367758,1.5923107799247722,0.4822299891635213,0.16816083372277338
sun397,posterior,f65a72582364988b015a3ad55c75860e43ef7f69d9e7acf795e41834e4f24cfc,0,1,-1,0.030226700251889168,-0.005037783375314861,68.83627204030228,1.5929666850485047,0.4822498194216481,0.16825013216481705
sun397,posterior,5cfd27b18789321ca909eb75ff5aa9bdd0a06f89c1bc0052c31b72d72c122704,0,1,-1,0.020151133501259445,-0.005037783375314861,68.83627204030228,1.5929208962489434,0.48224759570297127,0.1682462663742097
sun397,posterior,e708eefcb84e77c85151dd0e25aede3398ba3910999182688e186c7a9ee00bc2,1,1,0,0.04030226700251889,0.0,68.84130982367758,1.5942345162578149,0.4822871859157716,0.16827310644146476
sun397,posterior,d0a135beb7c6b09a54ce13c77d128e06b04edfd50077205b12dc37b8b2a10aae,1,1,0,0.04030226700251889,0.0,68.84130982367758,1.5941425998558594,0.4822827452316092,0.16826546574569773
sun397,posterior,0a8da61da7404f9b9a107ce06e6deb0f44c6bbd0b0b3d4b2e93a490b7838c189,0,1,-1,0.030226700251889168,-0.005037783375314861,68.83627204030228,1.5929666850485047,0.4822498194216481,0.16825013216481705
sun397,posterior,32196dc273fa89a6423bd87b43a39983f790fb54c729dce024f250bbfeb0708d,0,1,-1,0.020151133501259445,-0.005037783375314861,68.83627204030228,1.5929208962489434,0.48224759570297127,0.1682462663742097
sun397,posterior,d256e698c88a385627e87c4f606cd7e991a33eec5a94320d0a8c2ca749d80723,1,1,0,0.04030226700251889,0.0,68.84130982367758,1.5942345162578149,0.4822871859157716,0.16827310644146476
sun397,posterior,7736544593ca1ad232b175d4ea495335118a3e544d428142ed12941f6e595f4b,1,1,0,0.04030226700251889,0.0,68.84130982367758,1.5941425998558594,0.4822827452316092,0.16826546574569773
sun397,posterior,bcbc63809f17f9f0d62b91ec8e48d38572fa0f69884f136285ee22f1bed9fd47,1,3,-2,0.05037783375314861,-0.010075566750629723,68.83123425692695,1.5967768232406747,0.48236161797412996,0.16851788571371834
sun397,posterior,0166d964f7dd6f270a762877bb75f9fdf99de181e80b99efc89c604054a210c3,1,3,-2,0.05037783375314861,-0.010075566750629723,68.83123425692695,1.5965916522349033,0.4823527399298526,0.16850299572163924
office_home_product,posterior,a849f56a0a970fd61c0414d361bc392a5c5832d36cd9ff6e54a85838a0fecf45,0,0,0,0.022527596305474205,0.0,90.35818878125704,0.5017721928655214,0.15137603479506975,0.054954552501406434
office_home_product,posterior,0eefcc38f06fe1a12575ef68cd598a6d61b75ccb163571ddfbe3061208fad59f,0,0,0,0.022527596305474205,0.0,90.35818878125704,0.501617009577849,0.1513586645191869,0.054942919135657575
office_home_product,posterior,aefffc43babaab8eb6fcbc2475d9a71792820253c3caa607f50d9331d7772ece,0,0,0,0.022527596305474205,0.0,90.35818878125704,0.5028880200791102,0.15144441527379313,0.05500490840261758
office_home_product,posterior,1277c7d2c13875da67801ba1bf33750a03111ce816d79d517ced73b3d3ebb8da,0,0,0,0.022527596305474205,0.0,90.35818878125704,0.5025767285462457,0.15140984927944623,0.05498196693537173
office_home_product,posterior,2c043afd9daec8300e98688fa934ba86e579c3f4464ce7a217519cd399b61f9d,0,0,0,0.04505519261094841,0.0,90.35818878125704,0.5051261048009292,0.15157888927393118,0.05510340083837782
office_home_product,posterior,f6125e291cb3d163801196312b2c12d6678518454a49169fa36b75448eb41a5a,0,0,0,0.04505519261094841,0.0,90.35818878125704,0.5044999273496111,0.1515105011952463,0.055058647300456405
office_home_product,posterior,974f4b9286d70cf4e60618cde4fef315c47404c14d5f75a93d9b0c11eb2b33d9,0,0,0,0.022527596305474205,0.0,90.35818878125704,0.5028880200791102,0.15144441527379313,0.05500490840261758
office_home_product,posterior,5fc1060e7e727ae166004f5c7faf03e5d8cce54ca4fa0b2cae981bccd689e18d,0,0,0,0.022527596305474205,0.0,90.35818878125704,0.5025767285462457,0.15140984927944623,0.05498196693537173
office_home_product,posterior,f65a72582364988b015a3ad55c75860e43ef7f69d9e7acf795e41834e4f24cfc,0,0,0,0.04505519261094841,0.0,90.35818878125704,0.5051261048009292,0.15157888927393118,0.05510340083837782
office_home_product,posterior,5cfd27b18789321ca909eb75ff5aa9bdd0a06f89c1bc0052c31b72d72c122704,0,0,0,0.04505519261094841,0.0,90.35818878125704,0.5044999273496111,0.1515105011952463,0.055058647300456405
office_home_product,posterior,e708eefcb84e77c85151dd0e25aede3398ba3910999182688e186c7a9ee00bc2,1,0,1,0.11263798152737103,0.022527596305474205,90.3807163775625,0.509626573945064,0.15183878968121314,0.055088714557366525
office_home_product,posterior,d0a135beb7c6b09a54ce13c77d128e06b04edfd50077205b12dc37b8b2a10aae,0,0,0,0.04505519261094841,0.0,90.35818878125704,0.5083605418029932,0.15170515099203408,0.05522866434988126
office_home_product,posterior,0a8da61da7404f9b9a107ce06e6deb0f44c6bbd0b0b3d4b2e93a490b7838c189,0,0,0,0.04505519261094841,0.0,90.35818878125704,0.5051261048009292,0.15157888927393118,0.05510340083837782
office_home_product,posterior,32196dc273fa89a6423bd87b43a39983f790fb54c729dce024f250bbfeb0708d,0,0,0,0.04505519261094841,0.0,90.35818878125704,0.5044999273496111,0.1515105011952463,0.055058647300456405
office_home_product,posterior,d256e698c88a385627e87c4f606cd7e991a33eec5a94320d0a8c2ca749d80723,1,0,1,0.11263798152737103,0.022527596305474205,90.3807163775625,0.509626573945064,0.15183878968121314,0.055088714557366525
office_home_product,posterior,7736544593ca1ad232b175d4ea495335118a3e544d428142ed12941f6e595f4b,0,0,0,0.04505519261094841,0.0,90.35818878125704,0.5083605418029932,0.15170515099203408,0.05522866434988126
office_home_product,posterior,bcbc63809f17f9f0d62b91ec8e48d38572fa0f69884f136285ee22f1bed9fd47,1,4,-3,0.20274836674926783,-0.06758278891642262,90.29060599234062,0.5187145930650893,0.15232330813121087,0.056315568427857954
office_home_product,posterior,0166d964f7dd6f270a762877bb75f9fdf99de181e80b99efc89c604054a210c3,0,0,0,0.09011038522189682,0.0,90.35818878125704,0.5161328637169952,0.15206966057208293,0.05595093672475347
domainnet_painting,posterior,a849f56a0a970fd61c0414d361bc392a5c5832d36cd9ff6e54a85838a0fecf45,0,1,-1,0.013729977116704806,-0.004576659038901602,69.23569794050344,2.2309794220063206,0.46150801102138495,0.15496482895307875
domainnet_painting,posterior,0eefcc38f06fe1a12575ef68cd598a6d61b75ccb163571ddfbe3061208fad59f,0,1,-1,0.009153318077803204,-0.004576659038901602,69.23569794050344,2.2305421803569776,0.46149182204523675,0.15494862872723583
domainnet_painting,posterior,aefffc43babaab8eb6fcbc2475d9a71792820253c3caa607f50d9331d7772ece,0,1,-1,0.027459954233409613,-0.004576659038901602,69.23569794050344,2.235203390121021,0.4616061962823846,0.1550886075227635
domainnet_painting,posterior,1277c7d2c13875da67801ba1bf33750a03111ce816d79d517ced73b3d3ebb8da,0,1,-1,0.018306636155606407,-0.004576659038901602,69.23569794050344,2.2343276238170455,0.46157404949790554,0.15505648277512404
domainnet_painting,posterior,2c043afd9daec8300e98688fa934ba86e579c3f4464ce7a217519cd399b61f9d,0,4,-4,0.050343249427917625,-0.018306636155606407,69.22196796338673,2.243664741243705,0.46179955424651403,0.15546912118980083
domainnet_painting,posterior,f6125e291cb3d163801196312b2c12d6678518454a49169fa36b75448eb41a5a,0,2,-2,0.036613272311212815,-0.009153318077803204,69.23112128146454,2.2419081478809386,0.4617361489122465,0.15531423912424108
domainnet_painting,posterior,974f4b9286d70cf4e60618cde4fef315c47404c14d5f75a93d9b0c11eb2b33d9,0,1,-1,0.027459954233409613,-0.004576659038901602,69.23569794050344,2.235203390121021,0.4616061962823846,0.1550886075227635
domainnet_painting,posterior,5fc1060e7e727ae166004f5c7faf03e5d8cce54ca4fa0b2cae981bccd689e18d,0,1,-1,0.018306636155606407,-0.004576659038901602,69.23569794050344,2.2343276238170455,0.46157404949790554,0.15505648277512404
domainnet_painting,posterior,f65a72582364988b015a3ad55c75860e43ef7f69d9e7acf795e41834e4f24cfc,0,4,-4,0.050343249427917625,-0.018306636155606407,69.22196796338673,2.243664741243705,0.46179955424651403,0.15546912118980083
domainnet_painting,posterior,5cfd27b18789321ca909eb75ff5aa9bdd0a06f89c1bc0052c31b72d72c122704,0,2,-2,0.036613272311212815,-0.009153318077803204,69.23112128146454,2.2419081478809386,0.4617361489122465,0.15531423912424108
domainnet_painting,posterior,e708eefcb84e77c85151dd0e25aede3398ba3910999182688e186c7a9ee00bc2,0,6,-6,0.11899313501144164,-0.02745995423340961,69.21281464530892,2.260638281752766,0.4621747110719266,0.15603083335835
domainnet_painting,posterior,d0a135beb7c6b09a54ce13c77d128e06b04edfd50077205b12dc37b8b2a10aae,0,5,-5,0.09610983981693363,-0.02288329519450801,69.21739130434783,2.257105873431737,0.46205137106046523,0.15586206025284133
domainnet_painting,posterior,0a8da61da7404f9b9a107ce06e6deb0f44c6bbd0b0b3d4b2e93a490b7838c189,0,4,-4,0.050343249427917625,-0.018306636155606407,69.22196796338673,2.243664741243705,0.46179955424651403,0.15546912118980083
domainnet_painting,posterior,32196dc273fa89a6423bd87b43a39983f790fb54c729dce024f250bbfeb0708d,0,2,-2,0.036613272311212815,-0.009153318077803204,69.23112128146454,2.2419081478809386,0.4617361489122465,0.15531423912424108
domainnet_painting,posterior,d256e698c88a385627e87c4f606cd7e991a33eec5a94320d0a8c2ca749d80723,0,6,-6,0.11899313501144164,-0.02745995423340961,69.21281464530892,2.260638281752766,0.4621747110719266,0.15603083335835
domainnet_painting,posterior,7736544593ca1ad232b175d4ea495335118a3e544d428142ed12941f6e595f4b,0,5,-5,0.09610983981693363,-0.02288329519450801,69.21739130434783,2.257105873431737,0.46205137106046523,0.15586206025284133
domainnet_painting,posterior,bcbc63809f17f9f0d62b91ec8e48d38572fa0f69884f136285ee22f1bed9fd47,0,12,-12,0.2471395881006865,-0.05491990846681922,69.18535469107552,2.2947686225464596,0.4628826083225844,0.1571872575199168
domainnet_painting,posterior,0166d964f7dd6f270a762877bb75f9fdf99de181e80b99efc89c604054a210c3,0,8,-8,0.17391304347826086,-0.036613272311212815,69.20366132723113,2.2876342116307034,0.46264887309183517,0.15677152279431952
domainnet_real,posterior,a849f56a0a970fd61c0414d361bc392a5c5832d36cd9ff6e54a85838a0fecf45,0,0,0,0.0,0.0,83.61099902000346,1.4490692388127455,0.2710460950890254,0.10931657511638633
domainnet_real,posterior,0eefcc38f06fe1a12575ef68cd598a6d61b75ccb163571ddfbe3061208fad59f,0,0,0,0.0,0.0,83.61099902000346,1.448871558532278,0.27103752978669354,0.10931153783039936
domainnet_real,posterior,aefffc43babaab8eb6fcbc2475d9a71792820253c3caa607f50d9331d7772ece,0,2,-2,0.005764685536403989,-0.003843123690935993,83.60715589631252,1.4512210810674662,0.27109546526203915,0.1093870158729258
domainnet_real,posterior,1277c7d2c13875da67801ba1bf33750a03111ce816d79d517ced73b3d3ebb8da,0,2,-2,0.005764685536403989,-0.003843123690935993,83.60715589631252,1.4508251894756587,0.27107844490896,0.10937702299634415
domainnet_real,posterior,2c043afd9daec8300e98688fa934ba86e579c3f4464ce7a217519cd399b61f9d,0,2,-2,0.009607809227339982,-0.003843123690935993,83.60715589631252,1.4555295485439559,0.271192552229441,0.1094492571875637
domainnet_real,posterior,f6125e291cb3d163801196312b2c12d6678518454a49169fa36b75448eb41a5a,0,2,-2,0.007686247381871986,-0.003843123690935993,83.60715589631252,1.4547357224242252,0.2711589718022589,0.10942981714085945
domainnet_real,posterior,974f4b9286d70cf4e60618cde4fef315c47404c14d5f75a93d9b0c11eb2b33d9,0,2,-2,0.005764685536403989,-0.003843123690935993,83.60715589631252,1.4512210810674662,0.27109546526203915,0.1093870158729258
domainnet_real,posterior,5fc1060e7e727ae166004f5c7faf03e5d8cce54ca4fa0b2cae981bccd689e18d,0,2,-2,0.005764685536403989,-0.003843123690935993,83.60715589631252,1.4508251894756587,0.27107844490896,0.10937702299634415
domainnet_real,posterior,f65a72582364988b015a3ad55c75860e43ef7f69d9e7acf795e41834e4f24cfc,0,2,-2,0.009607809227339982,-0.003843123690935993,83.60715589631252,1.4555295485439559,0.271192552229441,0.1094492571875637
domainnet_real,posterior,5cfd27b18789321ca909eb75ff5aa9bdd0a06f89c1bc0052c31b72d72c122704,0,2,-2,0.007686247381871986,-0.003843123690935993,83.60715589631252,1.4547357224242252,0.2711589718022589,0.10942981714085945
domainnet_real,posterior,e708eefcb84e77c85151dd0e25aede3398ba3910999182688e186c7a9ee00bc2,0,6,-6,0.02113718030014796,-0.011529371072807978,83.59946964893065,1.4641645678857025,0.2713804135031013,0.10964453153594099
domainnet_real,posterior,d0a135beb7c6b09a54ce13c77d128e06b04edfd50077205b12dc37b8b2a10aae,0,3,-3,0.015372494763743971,-0.005764685536403989,83.60523433446706,1.4625691408693664,0.2713150416081439,0.10954969070204824
domainnet_real,posterior,0a8da61da7404f9b9a107ce06e6deb0f44c6bbd0b0b3d4b2e93a490b7838c189,0,2,-2,0.009607809227339982,-0.003843123690935993,83.60715589631252,1.4555295485439559,0.271192552229441,0.1094492571875637
domainnet_real,posterior,32196dc273fa89a6423bd87b43a39983f790fb54c729dce024f250bbfeb0708d,0,2,-2,0.007686247381871986,-0.003843123690935993,83.60715589631252,1.4547357224242252,0.2711589718022589,0.10942981714085945
domainnet_real,posterior,d256e698c88a385627e87c4f606cd7e991a33eec5a94320d0a8c2ca749d80723,0,6,-6,0.02113718030014796,-0.011529371072807978,83.59946964893065,1.4641645678857025,0.2713804135031013,0.10964453153594099
domainnet_real,posterior,7736544593ca1ad232b175d4ea495335118a3e544d428142ed12941f6e595f4b,0,3,-3,0.015372494763743971,-0.005764685536403989,83.60523433446706,1.4625691408693664,0.2713150416081439,0.10954969070204824
domainnet_real,posterior,bcbc63809f17f9f0d62b91ec8e48d38572fa0f69884f136285ee22f1bed9fd47,1,14,-13,0.055725293518571896,-0.024980303991083953,83.58601871601238,1.4814995412162015,0.2717329907551531,0.10999963140230998
domainnet_real,posterior,0166d964f7dd6f270a762877bb75f9fdf99de181e80b99efc89c604054a210c3,1,9,-8,0.03650967506389193,-0.015372494763743971,83.59562652523972,1.4782805637676466,0.27160903132325354,0.10983316590329632
oxford_pets,posterior,89a40502c4a4f9fbaf70c9b19f97af064afa6617c2dea68c960024255980c5cd,0,1,-1,0.027255382938130283,-0.02725538293813028,91.87789588443718,0.2324949421949338,0.11487962108569433,0.02252087988818368
oxford_pets,posterior,03e75af71d47db12a3bdfd64ef0aa4329f4a431086f6b88397e523dad8a7c578,0,0,0,0.0,0.0,91.9051512673753,0.23248519091221323,0.11487487126644381,0.022792696631971796
oxford_pets,posterior,f391b388f040accb8c01a7d36b05c25b80c234ef8e2e1cb24f81183fd35df895,0,1,-1,0.027255382938130283,-0.02725538293813028,91.87789588443718,0.23255976855274998,0.11489408335915766,0.022538603919830577
oxford_pets,posterior,007bd9dc5c00453a818e6e92259a7e67b7bfac6267f48077e6bf6a0b7fd46b5c,0,1,-1,0.027255382938130283,-0.02725538293813028,91.87789588443718,0.23254005165410083,0.114884573421026,0.022537116090261655
oxford_pets,posterior,5fd3c5a5fcd71ea8e6bc552191287ee12f35253db42f077d636aa08d7eb90ccd,1,1,0,0.05451076587626057,0.0,91.9051512673753,0.23269972642875814,0.11492345870174742,0.022084364922893337
oxford_pets,posterior,2a62ebf3caca4d7e7c8df6a1e5b0b78514358e9a2415ac498f1b89520820b76c,1,1,0,0.05451076587626057,0.0,91.9051512673753,0.23265913482983328,0.11490437962697617,0.022335882410589786
oxford_pets,posterior,34ab5f70cd623c6c507f03a5a98dfde338ac01dbda62cb6e07f812e83c36a1ce,0,1,-1,0.027255382938130283,-0.02725538293813028,91.87789588443718,0.23255014437957616,0.11489417306666609,0.0225364012609681
oxford_pets,posterior,142eac5d03ec9820950375bb7e2cad2b7ba3908f01446e0875ab0a228a5e1539,0,1,-1,0.027255382938130283,-0.02725538293813028,91.87789588443718,0.23253027325874578,0.11488431622267874,0.022535253944660757
oxford_pets,posterior,dca651556fc4cc4e37576b89d5a2f6cef470c3e9957e185a2563c7b91129e986,1,1,0,0.05451076587626057,0.0,91.9051512673753,0.23267640680012594,0.11492342201946672,0.022080011330758105
oxford_pets,posterior,a4a4094825f78c1e3fbee78aeb51515e2da4e7054508e151b42f6ae82738719b,1,1,0,0.05451076587626057,0.0,91.9051512673753,0.2326360414505398,0.11490376887837428,0.022331806116514773
oxford_pets,posterior,6016306877d1ec6c44cf854e2297eb8259767817ffa3c6501aa4383a751c4987,2,1,1,0.08176614881439084,0.02725538293813028,91.93240665031344,0.23297034006331493,0.11498355110063967,0.02240929201663626
oxford_pets,posterior,a17522b684b89c35e2d9a42d17c1918561bdca92dbe67a65891a6ae3ee45f3e5,2,1,1,0.08176614881439084,0.02725538293813028,91.93240665031344,0.23288456429899784,0.11494416576797743,0.022149584458419462
oxford_pets,posterior,b8608ad7c2e9b85ff54b9305cddb88cd7348687bc7c4c354952c6f9bce31e8cf,1,1,0,0.05451076587626057,0.0,91.9051512673753,0.23264681355329273,0.11492483940459819,0.022326985471058235
oxford_pets,posterior,ca218ac055cfab68737ea4573fec873148b11b46ff197ee9c0c01506f6346154,1,1,0,0.05451076587626057,0.0,91.9051512673753,0.23260523082642404,0.1149034239219755,0.02254337591415331
oxford_pets,posterior,e46b7af0d82939cedf20c25e78a2fc8ec11125a35ba0aca2adfc8058acc9cfa8,2,1,1,0.08176614881439084,0.02725538293813028,91.93240665031344,0.23288474432669126,0.114984816606833,0.022394249426405555
oxford_pets,posterior,6850175c7c8ee7fa1ea5bed93ad6413cc37ba1b99697da03bf8b63ed60d9446c,2,1,1,0.08176614881439084,0.02725538293813028,91.93240665031344,0.23280053301514195,0.11494273498032977,0.022136164242774797
oxford_pets,posterior,c65bd704dd0bc1d0bfd897940e86280f5205b04daeb2102ebc18d8b0985eecc8,2,1,1,0.08176614881439084,0.02725538293813028,91.93240665031344,0.23351599426685246,0.11510970537913987,0.023738076094549122
oxford_pets,posterior,5b3d24d9e8c0e7f3ff4f32a01a712f3c1596b8061056b86c69b161d85b2849f6,2,1,1,0.08176614881439084,0.02725538293813028,91.93240665031344,0.2333257042310175,0.11502651514880954,0.022899530285806366
stanford_cars,posterior,89a40502c4a4f9fbaf70c9b19f97af064afa6617c2dea68c960024255980c5cd,0,0,0,0.012436264146250466,0.0,69.74256933217261,0.943629583996359,0.4048845877310572,0.05882276021552879
stanford_cars,posterior,03e75af71d47db12a3bdfd64ef0aa4329f4a431086f6b88397e523dad8a7c578,0,0,0,0.012436264146250466,0.0,69.74256933217261,0.9436233961697177,0.40488358528189156,0.058820636071771584
stanford_cars,posterior,f391b388f040accb8c01a7d36b05c25b80c234ef8e2e1cb24f81183fd35df895,0,1,-1,0.02487252829250093,-0.012436264146250466,69.73013306802636,0.9437283759965822,0.40489631330117465,0.05897891973251284
stanford_cars,posterior,007bd9dc5c00453a818e6e92259a7e67b7bfac6267f48077e6bf6a0b7fd46b5c,0,1,-1,0.02487252829250093,-0.012436264146250466,69.73013306802636,0.9437157296805211,0.40489431583767227,0.058974623372492235
stanford_cars,posterior,5fd3c5a5fcd71ea8e6bc552191287ee12f35253db42f077d636aa08d7eb90ccd,0,1,-1,0.0373087924387514,-0.012436264146250466,69.73013306802636,0.9439358454292694,0.40491982321584424,0.05904440954651884
stanford_cars,posterior,2a62ebf3caca4d7e7c8df6a1e5b0b78514358e9a2415ac498f1b89520820b76c,0,1,-1,0.0373087924387514,-0.012436264146250466,69.73013306802636,0.943909288058883,0.40491583491569577,0.05903553160294534
stanford_cars,posterior,34ab5f70cd623c6c507f03a5a98dfde338ac01dbda62cb6e07f812e83c36a1ce,0,1,-1,0.02487252829250093,-0.012436264146250466,69.73013306802636,0.9437168886653503,0.4048962287457484,0.05897678530749182
stanford_cars,posterior,142eac5d03ec9820950375bb7e2cad2b7ba3908f01446e0875ab0a228a5e1539,0,1,-1,0.02487252829250093,-0.012436264146250466,69.73013306802636,0.9437051577760183,0.4048941809507526,0.058972587585894
stanford_cars,posterior,dca651556fc4cc4e37576b89d5a2f6cef470c3e9957e185a2563c7b91129e986,0,1,-1,0.0373087924387514,-0.012436264146250466,69.73013306802636,0.9439099937527607,0.4049197698451885,0.05903914009304635
stanford_cars,posterior,a4a4094825f78c1e3fbee78aeb51515e2da4e7054508e151b42f6ae82738719b,0,1,-1,0.0373087924387514,-0.012436264146250466,69.73013306802636,0.9438855008356845,0.40491566971869125,0.05903067211579391
stanford_cars,posterior,6016306877d1ec6c44cf854e2297eb8259767817ffa3c6501aa4383a751c4987,1,2,-1,0.08705384902375327,-0.012436264146250466,69.73013306802636,0.944336850810707,0.4049671946243777,0.0591715110366046
stanford_cars,posterior,a17522b684b89c35e2d9a42d17c1918561bdca92dbe67a65891a6ae3ee45f3e5,1,2,-1,0.08705384902375327,-0.012436264146250466,69.73013306802636,0.9442825929256637,0.4049590414190986,0.05915314243950517
stanford_cars,posterior,b8608ad7c2e9b85ff54b9305cddb88cd7348687bc7c4c354952c6f9bce31e8cf,0,1,-1,0.0373087924387514,-0.012436264146250466,69.73013306802636,0.94386991683976,0.40491914832166526,0.05903288451941983
stanford_cars,posterior,ca218ac055cfab68737ea4573fec873148b11b46ff197ee9c0c01506f6346154,0,1,-1,0.0373087924387514,-0.012436264146250466,69.73013306802636,0.9438491101526955,0.4049149143237733,0.05902455371494481
stanford_cars,posterior,e46b7af0d82939cedf20c25e78a2fc8ec11125a35ba0aca2adfc8058acc9cfa8,1,2,-1,0.09949011317000372,-0.012436264146250466,69.73013306802636,0.9442359982431143,0.40496624884447074,0.05915397517647173
stanford_cars,posterior,6850175c7c8ee7fa1ea5bed93ad6413cc37ba1b99697da03bf8b63ed60d9446c,1,1,0,0.0746175848775028,0.0,69.74256933217261,0.9441909335870694,0.4049577837321848,0.05901261572869111
stanford_cars,posterior,c65bd704dd0bc1d0bfd897940e86280f5205b04daeb2102ebc18d8b0985eecc8,6,6,0,0.2487252829250093,0.0,69.74256933217261,0.9451308872011915,0.4050629003889124,0.05929748887332154
stanford_cars,posterior,5b3d24d9e8c0e7f3ff4f32a01a712f3c1596b8061056b86c69b161d85b2849f6,5,6,-1,0.23628901877875888,-0.012436264146250466,69.73013306802636,0.9450177490248993,0.405045960891189,0.059384321589372624
sun397,posterior,89a40502c4a4f9fbaf70c9b19f97af064afa6617c2dea68c960024255980c5cd,0,0,0,0.010075566750629723,0.0,68.84130982367758,1.5919702556395003,0.48222150481918297,0.1681426632201642
sun397,posterior,03e75af71d47db12a3bdfd64ef0aa4329f4a431086f6b88397e523dad8a7c578,0,0,0,0.005037783375314861,0.0,68.84130982367758,1.5919604517312163,0.48222096326369185,0.1681417552143411
sun397,posterior,f391b388f040accb8c01a7d36b05c25b80c234ef8e2e1cb24f81183fd35df895,0,0,0,0.010075566750629723,0.0,68.84130982367758,1.592261692086336,0.4822307737288007,0.16816045182928335
sun397,posterior,007bd9dc5c00453a818e6e92259a7e67b7bfac6267f48077e6bf6a0b7fd46b5c,0,0,0,0.010075566750629723,0.0,68.84130982367758,1.5922406494596426,0.4822296774447415,0.16815857655042668
sun397,posterior,5fd3c5a5fcd71ea8e6bc552191287ee12f35253db42f077d636aa08d7eb90ccd,0,1,-1,0.030226700251889168,-0.005037783375314861,68.83627204030228,1.5929528976400447,0.4822497291348743,0.16824957530129164
sun397,posterior,2a62ebf3caca4d7e7c8df6a1e5b0b78514358e9a2415ac498f1b89520820b76c,0,1,-1,0.020151133501259445,-0.005037783375314861,68.83627204030228,1.5929011600509702,0.4822474899009733,0.1682454413479612
sun397,posterior,34ab5f70cd623c6c507f03a5a98dfde338ac01dbda62cb6e07f812e83c36a1ce,0,0,0,0.010075566750629723,0.0,68.84130982367758,1.5921725847727284,0.4822302767311596,0.16815743086395096
sun397,posterior,142eac5d03ec9820950375bb7e2cad2b7ba3908f01446e0875ab0a228a5e1539,0,0,0,0.010075566750629723,0.0,68.84130982367758,1.5921552190096988,0.48222920147537884,0.1681557122030547
sun397,posterior,dca651556fc4cc4e37576b89d5a2f6cef470c3e9957e185a2563c7b91129e986,0,1,-1,0.030226700251889168,-0.005037783375314861,68.83627204030228,1.5927030713230064,0.48224858294806494,0.168241599847748
sun397,posterior,a4a4094825f78c1e3fbee78aeb51515e2da4e7054508e151b42f6ae82738719b,0,1,-1,0.020151133501259445,-0.005037783375314861,68.83627204030228,1.5926645871716758,0.48224640824332343,0.16823800303248376
sun397,posterior,6016306877d1ec6c44cf854e2297eb8259767817ffa3c6501aa4383a751c4987,1,1,0,0.04030226700251889,0.0,68.84130982367758,1.59417019975517,0.48228682768134684,0.16827057918876187
sun397,posterior,a17522b684b89c35e2d9a42d17c1918561bdca92dbe67a65891a6ae3ee45f3e5,1,1,0,0.04030226700251889,0.0,68.84130982367758,1.5940549503069128,0.4822822953771884,0.16826194266640873
sun397,posterior,b8608ad7c2e9b85ff54b9305cddb88cd7348687bc7c4c354952c6f9bce31e8cf,0,1,-1,0.030226700251889168,-0.005037783375314861,68.83627204030228,1.592475591046394,0.4822470595584408,0.16823352625222893
sun397,posterior,ca218ac055cfab68737ea4573fec873148b11b46ff197ee9c0c01506f6346154,0,1,-1,0.030226700251889168,-0.005037783375314861,68.83627204030228,1.5924457374396652,0.4822448268014778,0.16823028163172743
sun397,posterior,e46b7af0d82939cedf20c25e78a2fc8ec11125a35ba0aca2adfc8058acc9cfa8,1,1,0,0.04030226700251889,0.0,68.84130982367758,1.593374623380709,0.4822828728035655,0.16824504194129025
sun397,posterior,6850175c7c8ee7fa1ea5bed93ad6413cc37ba1b99697da03bf8b63ed60d9446c,1,1,0,0.04030226700251889,0.0,68.84130982367758,1.5933074524036246,0.4822784108118687,0.1682383201839942
sun397,posterior,c65bd704dd0bc1d0bfd897940e86280f5205b04daeb2102ebc18d8b0985eecc8,1,3,-2,0.055415617128463476,-0.010075566750629723,68.83123425692695,1.5964645346911384,0.4823603718587073,0.16850623201137827
sun397,posterior,5b3d24d9e8c0e7f3ff4f32a01a712f3c1596b8061056b86c69b161d85b2849f6,1,2,-1,0.04534005037783375,-0.005037783375314861,68.83627204030228,1.5962022404224032,0.4823509439503216,0.1684378420450825
office_home_product,posterior,89a40502c4a4f9fbaf70c9b19f97af064afa6617c2dea68c960024255980c5cd,0,0,0,0.022527596305474205,0.0,90.35818878125704,0.5014779984306285,0.15136156677796944,0.05494760480394868
office_home_product,posterior,03e75af71d47db12a3bdfd64ef0aa4329f4a431086f6b88397e523dad8a7c578,0,0,0,0.022527596305474205,0.0,90.35818878125704,0.5013560261418746,0.15134693183026676,0.05493715219157692
office_home_product,posterior,f391b388f040accb8c01a7d36b05c25b80c234ef8e2e1cb24f81183fd35df895,0,0,0,0.022527596305474205,0.0,90.35818878125704,0.5024095540482957,0.1514204377310586,0.054993811998987105
office_home_product,posterior,007bd9dc5c00453a818e6e92259a7e67b7bfac6267f48077e6bf6a0b7fd46b5c,0,0,0,0.022527596305474205,0.0,90.35818878125704,0.5021471894053772,0.15138960999125536,0.054972449336456924
office_home_product,posterior,5fd3c5a5fcd71ea8e6bc552191287ee12f35253db42f077d636aa08d7eb90ccd,0,0,0,0.04505519261094841,0.0,90.35818878125704,0.5048788220681457,0.15155777192164122,0.055095156024882186
office_home_product,posterior,2a62ebf3caca4d7e7c8df6a1e5b0b78514358e9a2415ac498f1b89520820b76c,0,0,0,0.04505519261094841,0.0,90.35818878125704,0.5042379157131424,0.151486328618165,0.05504937574693715
office_home_product,posterior,34ab5f70cd623c6c507f03a5a98dfde338ac01dbda62cb6e07f812e83c36a1ce,0,0,0,0.022527596305474205,0.0,90.35818878125704,0.501924199345923,0.15139696801613783,0.054981456156866226
office_home_product,posterior,142eac5d03ec9820950375bb7e2cad2b7ba3908f01446e0875ab0a228a5e1539,0,0,0,0.022527596305474205,0.0,90.35818878125704,0.5017267276444156,0.1513718852295374,0.054962699159922745
office_home_product,posterior,dca651556fc4cc4e37576b89d5a2f6cef470c3e9957e185a2563c7b91129e986,0,0,0,0.04505519261094841,0.0,90.35818878125704,0.5034400221934374,0.15149648631577772,0.055064540496547076
office_home_product,posterior,a4a4094825f78c1e3fbee78aeb51515e2da4e7054508e151b42f6ae82738719b,0,0,0,0.04505519261094841,0.0,90.35818878125704,0.5030031474153613,0.15144279901979743,0.05502596687534742
office_home_product,posterior,6016306877d1ec6c44cf854e2297eb8259767817ffa3c6501aa4383a751c4987,1,0,1,0.11263798152737103,0.022527596305474205,90.3807163775625,0.5085659037460216,0.1517500862207303,0.055054451859891655
office_home_product,posterior,a17522b684b89c35e2d9a42d17c1918561bdca92dbe67a65891a6ae3ee45f3e5,0,0,0,0.04505519261094841,0.0,90.35818878125704,0.5073315929019656,0.1516147450999006,0.055170505594417746
office_home_product,posterior,b8608ad7c2e9b85ff54b9305cddb88cd7348687bc7c4c354952c6f9bce31e8cf,1,0,1,0.06758278891642261,0.022527596305474205,90.3807163775625,0.5023803134292557,0.15144204846317905,0.05480798158486645
office_home_product,posterior,ca218ac055cfab68737ea4573fec873148b11b46ff197ee9c0c01506f6346154,0,0,0,0.04505519261094841,0.0,90.35818878125704,0.5020966517864114,0.15140261532460603,0.05500137916044165
office_home_product,posterior,e46b7af0d82939cedf20c25e78a2fc8ec11125a35ba0aca2adfc8058acc9cfa8,1,0,1,0.09011038522189682,0.022527596305474205,90.3807163775625,0.5045076872782318,0.1515938553704848,0.05494821836991901
office_home_product,posterior,6850175c7c8ee7fa1ea5bed93ad6413cc37ba1b99697da03bf8b63ed60d9446c,0,0,0,0.04505519261094841,0.0,90.35818878125704,0.5038724729406322,0.1515090892137131,0.055106765865662016
office_home_product,posterior,c65bd704dd0bc1d0bfd897940e86280f5205b04daeb2102ebc18d8b0985eecc8,1,2,-1,0.15769317413831943,-0.022527596305474205,90.33566118495156,0.5145505766691554,0.15200910908758547,0.0557475736594249
office_home_product,posterior,5b3d24d9e8c0e7f3ff4f32a01a712f3c1596b8061056b86c69b161d85b2849f6,1,0,1,0.11263798152737103,0.022527596305474205,90.3807163775625,0.5124372872746016,0.15178352110985835,0.05515903212997823
domainnet_painting,posterior,89a40502c4a4f9fbaf70c9b19f97af064afa6617c2dea68c960024255980c5cd,0,1,-1,0.018306636155606407,-0.004576659038901602,69.23569794050344,2.229881488598729,0.46149635694119695,0.154951646849513
domainnet_painting,posterior,03e75af71d47db12a3bdfd64ef0aa4329f4a431086f6b88397e523dad8a7c578,0,1,-1,0.009153318077803204,-0.004576659038901602,69.23569794050344,2.229544169717765,0.4614818535052939,0.15493645134742112
domainnet_painting,posterior,f391b388f040accb8c01a7d36b05c25b80c234ef8e2e1cb24f81183fd35df895,0,1,-1,0.027459954233409613,-0.004576659038901602,69.23569794050344,2.2334421006924514,0.46158776654531536,0.15506853564550727
domainnet_painting,posterior,007bd9dc5c00453a818e6e92259a7e67b7bfac6267f48077e6bf6a0b7fd46b5c,0,1,-1,0.018306636155606407,-0.004576659038901602,69.23569794050344,2.232700301590597,0.46155785472769484,0.1550374797284944
domainnet_painting,posterior,5fd3c5a5fcd71ea8e6bc552191287ee12f35253db42f077d636aa08d7eb90ccd,0,4,-4,0.050343249427917625,-0.018306636155606407,69.22196796338673,2.2428661407373642,0.4617874844477979,0.15546113871123213
domainnet_painting,posterior,2a62ebf3caca4d7e7c8df6a1e5b0b78514358e9a2415ac498f1b89520820b76c,0,2,-2,0.036613272311212815,-0.009153318077803204,69.23112128146454,2.24092768743189,0.4617222563734862,0.1553032945294266
domainnet_painting,posterior,34ab5f70cd623c6c507f03a5a98dfde338ac01dbda62cb6e07f812e83c36a1ce,0,1,-1,0.027459954233409613,-0.004576659038901602,69.23569794050344,2.231576652858464,0.4615660041747977,0.15504294435836768
domainnet_painting,posterior,142eac5d03ec9820950375bb7e2cad2b7ba3908f01446e0875ab0a228a5e1539,0,1,-1,0.018306636155606407,-0.004576659038901602,69.23569794050344,2.2310449472882716,0.4615398042725753,0.15501450883441986
domainnet_painting,posterior,dca651556fc4cc4e37576b89d5a2f6cef470c3e9957e185a2563c7b91129e986,0,3,-3,0.050343249427917625,-0.013729977116704805,69.22654462242564,2.237403125656979,0.4617332521292383,0.1553503379399635
domainnet_painting,posterior,a4a4094825f78c1e3fbee78aeb51515e2da4e7054508e151b42f6ae82738719b,0,2,-2,0.036613272311212815,-0.009153318077803204,69.23112128146454,2.236184049388852,0.461678599850264,0.155246040419392
domainnet_painting,posterior,6016306877d1ec6c44cf854e2297eb8259767817ffa3c6501aa4383a751c4987,0,5,-5,0.11899313501144164,-0.02288329519450801,69.21739130434783,2.2570145966696646,0.46212444390530444,0.15594942242162857
domainnet_painting,posterior,a17522b684b89c35e2d9a42d17c1918561bdca92dbe67a65891a6ae3ee45f3e5,0,4,-4,0.09153318077803205,-0.018306636155606407,69.22196796338673,2.2529755335235087,0.4619971643268926,0.15577100908626684
domainnet_painting,posterior,b8608ad7c2e9b85ff54b9305cddb88cd7348687bc7c4c354952c6f9bce31e8cf,0,3,-3,0.054919908466819226,-0.013729977116704805,69.22654462242564,2.233262975305962,0.4616759747334967,0.15528131983952603
domainnet_painting,posterior,ca218ac055cfab68737ea4573fec873148b11b46ff197ee9c0c01506f6346154,0,2,-2,0.032036613272311214,-0.009153318077803204,69.23112128146454,2.232525772140521,0.4616309990571893,0.15518459130615608
domainnet_painting,posterior,e46b7af0d82939cedf20c25e78a2fc8ec11125a35ba0aca2adfc8058acc9cfa8,0,4,-4,0.11441647597254005,-0.018306636155606407,69.22196796338673,2.241431833378452,0.4619637195632987,0.1557032977881707
domainnet_painting,posterior,6850175c7c8ee7fa1ea5bed93ad6413cc37ba1b99697da03bf8b63ed60d9446c,0,3,-3,0.08695652173913043,-0.013729977116704805,69.22654462242564,2.2397103204096154,0.461869861978688,0.15555271118504227
domainnet_painting,posterior,c65bd704dd0bc1d0bfd897940e86280f5205b04daeb2102ebc18d8b0985eecc8,0,9,-9,0.2196796338672769,-0.041189931350114416,69.19908466819223,2.2789014696800787,0.4626908903427473,0.15689883178394096
domainnet_painting,posterior,5b3d24d9e8c0e7f3ff4f32a01a712f3c1596b8061056b86c69b161d85b2849f6,0,6,-6,0.16475972540045766,-0.02745995423340961,69.21281464530892,2.2713204132741844,0.4624565190745164,0.15650522145052664
domainnet_real,posterior,89a40502c4a4f9fbaf70c9b19f97af064afa6617c2dea68c960024255980c5cd,0,0,0,0.0,0.0,83.61099902000346,1.4485194474175513,0.2710391025081778,0.10931410672905581
domainnet_real,posterior,03e75af71d47db12a3bdfd64ef0aa4329f4a431086f6b88397e523dad8a7c578,0,0,0,0.0,0.0,83.61099902000346,1.4483640390075407,0.2710313849098592,0.10930903964461197
domainnet_real,posterior,f391b388f040accb8c01a7d36b05c25b80c234ef8e2e1cb24f81183fd35df895,0,2,-2,0.005764685536403989,-0.003843123690935993,83.60715589631252,1.4503455856449279,0.27108439424187697,0.10938335326651907
domainnet_real,posterior,007bd9dc5c00453a818e6e92259a7e67b7bfac6267f48077e6bf6a0b7fd46b5c,0,2,-2,0.005764685536403989,-0.003843123690935993,83.60715589631252,1.450006296113776,0.2710684184332534,0.1093731753137128
domainnet_real,posterior,5fd3c5a5fcd71ea8e6bc552191287ee12f35253db42f077d636aa08d7eb90ccd,0,2,-2,0.009607809227339982,-0.003843123690935993,83.60715589631252,1.4551943234642302,0.27118580670189163,0.10944882575712792
domainnet_real,posterior,2a62ebf3caca4d7e7c8df6a1e5b0b78514358e9a2415ac498f1b89520820b76c,0,2,-2,0.007686247381871986,-0.003843123690935993,83.60715589631252,1.4543228309988208,0.27115037801989983,0.1094282526192945
domainnet_real,posterior,34ab5f70cd623c6c507f03a5a98dfde338ac01dbda62cb6e07f812e83c36a1ce,0,1,-1,0.003843123690935993,-0.0019215618454679964,83.60907745815798,1.4494025461269908,0.2710717764513468,0.10935921506316507
domainnet_real,posterior,142eac5d03ec9820950375bb7e2cad2b7ba3908f01446e0875ab0a228a5e1539,0,1,-1,0.003843123690935993,-0.0019215618454679964,83.60907745815798,1.4491525941742864,0.2710577229781314,0.1093491505558674
domainnet_real,posterior,dca651556fc4cc4e37576b89d5a2f6cef470c3e9957e185a2563c7b91129e986,0,2,-2,0.009607809227339982,-0.003843123690935993,83.60715589631252,1.4524080411258864,0.27115317721853516,0.10943639355206919
domainnet_real,posterior,a4a4094825f78c1e3fbee78aeb51515e2da4e7054508e151b42f6ae82738719b,0,2,-2,0.007686247381871986,-0.003843123690935993,83.60715589631252,1.451841579579268,0.27112382317195927,0.109416305728772
domainnet_real,posterior,6016306877d1ec6c44cf854e2297eb8259767817ffa3c6501aa4383a751c4987,0,5,-5,0.019215618454679964,-0.009607809227339982,83.60139121077611,1.4626362426308617,0.27135098836755533,0.10962308191957158
domainnet_real,posterior,a17522b684b89c35e2d9a42d17c1918561bdca92dbe67a65891a6ae3ee45f3e5,0,2,-2,0.013450932918275975,-0.003843123690935993,83.60715589631252,1.4608053318445744,0.27128063151491005,0.10952428075984957
domainnet_real,posterior,b8608ad7c2e9b85ff54b9305cddb88cd7348687bc7c4c354952c6f9bce31e8cf,0,2,-2,0.011529371072807978,-0.003843123690935993,83.60715589631252,1.450307805796896,0.27112214195584217,0.10942360354877245
domainnet_real,posterior,ca218ac055cfab68737ea4573fec873148b11b46ff197ee9c0c01506f6346154,0,1,-1,0.007686247381871986,-0.0019215618454679964,83.60907745815798,1.4499448618593174,0.27109724507132377,0.10938422371913442
domainnet_real,posterior,e46b7af0d82939cedf20c25e78a2fc8ec11125a35ba0aca2adfc8058acc9cfa8,1,3,-2,0.019215618454679964,-0.003843123690935993,83.60715589631252,1.4545623645797892,0.271258702913297,0.10952794741789713
domainnet_real,posterior,6850175c7c8ee7fa1ea5bed93ad6413cc37ba1b99697da03bf8b63ed60d9446c,0,2,-2,0.013450932918275975,-0.003843123690935993,83.60715589631252,1.453732572008632,0.27120732510108886,0.10948875363816585
domainnet_real,posterior,c65bd704dd0bc1d0bfd897940e86280f5205b04daeb2102ebc18d8b0985eecc8,1,9,-8,0.04419592244576392,-0.015372494763743971,83.59562652523972,1.4746505263781524,0.2716169041415002,0.10989036014730677
domainnet_real,posterior,5b3d24d9e8c0e7f3ff4f32a01a712f3c1596b8061056b86c69b161d85b2849f6,1,6,-5,0.028823427682019946,-0.009607809227339982,83.60139121077611,1.4711101470175814,0.27148674960960234,0.10975041816001443
