dataset,arm,window,start,end_exclusive,accuracy
caltech101,base,1,0,247,91.09311740890689
caltech101,base,2,247,494,94.33198380566802
caltech101,base,3,494,741,95.1417004048583
caltech101,base,4,741,988,94.33198380566802
caltech101,base,5,988,1235,93.52226720647774
caltech101,base,6,1235,1481,93.90243902439023
caltech101,base,7,1481,1727,93.90243902439023
caltech101,base,8,1727,1973,95.1219512195122
caltech101,base,9,1973,2219,95.1219512195122
caltech101,base,10,2219,2465,95.52845528455285
caltech101,posterior,1,0,247,91.09311740890689
caltech101,posterior,2,247,494,94.33198380566802
caltech101,posterior,3,494,741,95.1417004048583
caltech101,posterior,4,741,988,94.33198380566802
caltech101,posterior,5,988,1235,93.52226720647774
caltech101,posterior,6,1235,1481,93.90243902439023
caltech101,posterior,7,1481,1727,93.90243902439023
caltech101,posterior,8,1727,1973,95.1219512195122
caltech101,posterior,9,1973,2219,95.1219512195122
caltech101,posterior,10,2219,2465,95.52845528455285
caltech101,responsibility,1,0,247,91.09311740890689
caltech101,responsibility,2,247,494,94.33198380566802
caltech101,responsibility,3,494,741,94.73684210526315
caltech101,responsibility,4,741,988,94.33198380566802
caltech101,responsibility,5,988,1235,93.52226720647774
caltech101,responsibility,6,1235,1481,93.4959349593496
caltech101,responsibility,7,1481,1727,93.90243902439023
caltech101,responsibility,8,1727,1973,95.52845528455285
caltech101,responsibility,9,1973,2219,94.71544715447155
caltech101,responsibility,10,2219,2465,95.1219512195122
caltech101,full,1,0,247,91.09311740890689
caltech101,full,2,247,494,94.33198380566802
caltech101,full,3,494,741,94.73684210526315
caltech101,full,4,741,988,94.33198380566802
caltech101,full,5,988,1235,93.52226720647774
caltech101,full,6,1235,1481,93.4959349593496
caltech101,full,7,1481,1727,93.90243902439023
caltech101,full,8,1727,1973,95.52845528455285
caltech101,full,9,1973,2219,94.71544715447155
caltech101,full,10,2219,2465,95.1219512195122
dtd,base,1,0,170,41.17647058823529
dtd,base,2,170,340,39.411764705882355
dtd,base,3,340,509,52.071005917159766
dtd,base,4,509,678,47.337278106508876
dtd,base,5,678,847,44.97041420118343
dtd,base,6,847,1016,48.5207100591716
dtd,base,7,1016,1185,53.84615384615385
dtd,base,8,1185,1354,47.928994082840234
dtd,base,9,1354,1523,57.98816568047337
dtd,base,10,1523,1692,47.928994082840234
dtd,posterior,1,0,170,41.17647058823529
dtd,posterior,2,170,340,39.411764705882355
dtd,posterior,3,340,509,52.071005917159766
dtd,posterior,4,509,678,47.337278106508876
dtd,posterior,5,678,847,44.97041420118343
dtd,posterior,6,847,1016,48.5207100591716
dtd,posterior,7,1016,1185,53.84615384615385
dtd,posterior,8,1185,1354,47.928994082840234
dtd,posterior,9,1354,1523,57.98816568047337
dtd,posterior,10,1523,1692,47.928994082840234
dtd,responsibility,1,0,170,40.0
dtd,responsibility,2,170,340,38.23529411764706
dtd,responsibility,3,340,509,52.662721893491124
dtd,responsibility,4,509,678,47.337278106508876
dtd,responsibility,5,678,847,44.37869822485207
dtd,responsibility,6,847,1016,47.928994082840234
dtd,responsibility,7,1016,1185,54.437869822485204
dtd,responsibility,8,1185,1354,46.74556213017752
dtd,responsibility,9,1354,1523,58.57988165680473
dtd,responsibility,10,1523,1692,47.337278106508876
dtd,full,1,0,170,40.0
dtd,full,2,170,340,38.23529411764706
dtd,full,3,340,509,52.662721893491124
dtd,full,4,509,678,47.337278106508876
dtd,full,5,678,847,44.37869822485207
dtd,full,6,847,1016,47.928994082840234
dtd,full,7,1016,1185,54.437869822485204
dtd,full,8,1185,1354,46.74556213017752
dtd,full,9,1354,1523,58.57988165680473
dtd,full,10,1523,1692,47.337278106508876
eurosat,base,1,0,810,60.864197530864196
eurosat,base,2,810,1620,66.0493827160494
eurosat,base,3,1620,2430,64.5679012345679
eurosat,base,4,2430,3240,61.60493827160494
eurosat,base,5,3240,4050,62.34567901234568
eurosat,base,6,4050,4860,61.48148148148148
eurosat,base,7,4860,5670,63.827160493827165
eurosat,base,8,5670,6480,65.4320987654321
eurosat,base,9,6480,7290,61.72839506172839
eurosat,base,10,7290,8100,61.358024691358025
eurosat,posterior,1,0,810,60.864197530864196
eurosat,posterior,2,810,1620,66.0493827160494
eurosat,posterior,3,1620,2430,64.5679012345679
eurosat,posterior,4,2430,3240,61.60493827160494
eurosat,posterior,5,3240,4050,62.34567901234568
eurosat,posterior,6,4050,4860,61.48148148148148
eurosat,posterior,7,4860,5670,63.827160493827165
eurosat,posterior,8,5670,6480,65.4320987654321
eurosat,posterior,9,6480,7290,61.72839506172839
eurosat,posterior,10,7290,8100,61.358024691358025
eurosat,responsibility,1,0,810,62.22222222222222
eurosat,responsibility,2,810,1620,66.66666666666666
eurosat,responsibility,3,1620,2430,65.92592592592592
eurosat,responsibility,4,2430,3240,63.70370370370371
eurosat,responsibility,5,3240,4050,63.456790123456784
eurosat,responsibility,6,4050,4860,61.85185185185185
eurosat,responsibility,7,4860,5670,65.30864197530865
eurosat,responsibility,8,5670,6480,66.5432098765432
eurosat,responsibility,9,6480,7290,63.580246913580254
eurosat,responsibility,10,7290,8100,62.46913580246913
eurosat,full,1,0,810,62.22222222222222
eurosat,full,2,810,1620,66.66666666666666
eurosat,full,3,1620,2430,65.92592592592592
eurosat,full,4,2430,3240,63.70370370370371
eurosat,full,5,3240,4050,63.456790123456784
eurosat,full,6,4050,4860,61.85185185185185
eurosat,full,7,4860,5670,65.30864197530865
eurosat,full,8,5670,6480,66.5432098765432
eurosat,full,9,6480,7290,63.580246913580254
eurosat,full,10,7290,8100,62.46913580246913
fgvc,base,1,0,334,23.353293413173652
fgvc,base,2,334,668,23.652694610778443
fgvc,base,3,668,1002,24.550898203592812
fgvc,base,4,1002,1335,27.627627627627625
fgvc,base,5,1335,1668,25.225225225225223
fgvc,base,6,1668,2001,29.72972972972973
fgvc,base,7,2001,2334,30.630630630630627
fgvc,base,8,2334,2667,25.225225225225223
fgvc,base,9,2667,3000,25.825825825825827
fgvc,base,10,3000,3333,26.126126126126124
fgvc,posterior,1,0,334,23.353293413173652
fgvc,posterior,2,334,668,23.652694610778443
fgvc,posterior,3,668,1002,24.550898203592812
fgvc,posterior,4,1002,1335,27.627627627627625
fgvc,posterior,5,1335,1668,25.225225225225223
fgvc,posterior,6,1668,2001,29.72972972972973
fgvc,posterior,7,2001,2334,30.630630630630627
fgvc,posterior,8,2334,2667,25.225225225225223
fgvc,posterior,9,2667,3000,25.825825825825827
fgvc,posterior,10,3000,3333,26.126126126126124
fgvc,responsibility,1,0,334,23.952095808383234
fgvc,responsibility,2,334,668,23.952095808383234
fgvc,responsibility,3,668,1002,23.952095808383234
fgvc,responsibility,4,1002,1335,27.027027027027028
fgvc,responsibility,5,1335,1668,25.225225225225223
fgvc,responsibility,6,1668,2001,30.03003003003003
fgvc,responsibility,7,2001,2334,30.930930930930934
fgvc,responsibility,8,2334,2667,24.924924924924923
fgvc,responsibility,9,2667,3000,25.825825825825827
fgvc,responsibility,10,3000,3333,26.126126126126124
fgvc,full,1,0,334,23.952095808383234
fgvc,full,2,334,668,23.952095808383234
fgvc,full,3,668,1002,23.952095808383234
fgvc,full,4,1002,1335,27.027027027027028
fgvc,full,5,1335,1668,25.225225225225223
fgvc,full,6,1668,2001,30.03003003003003
fgvc,full,7,2001,2334,30.930930930930934
fgvc,full,8,2334,2667,24.924924924924923
fgvc,full,9,2667,3000,25.825825825825827
fgvc,full,10,3000,3333,26.126126126126124
food101,base,1,0,3030,86.36963696369637
food101,base,2,3030,6060,87.22772277227723
food101,base,3,6060,9090,86.79867986798679
food101,base,4,9090,12120,86.46864686468648
food101,base,5,12120,15150,86.89768976897689
food101,base,6,15150,18180,86.99669966996699
food101,base,7,18180,21210,86.6996699669967
food101,base,8,21210,24240,87.98679867986799
food101,base,9,24240,27270,86.96369636963696
food101,base,10,27270,30300,87.02970297029702
food101,posterior,1,0,3030,86.36963696369637
food101,posterior,2,3030,6060,87.22772277227723
food101,posterior,3,6060,9090,86.79867986798679
food101,posterior,4,9090,12120,86.46864686468648
food101,posterior,5,12120,15150,86.89768976897689
food101,posterior,6,15150,18180,86.99669966996699
food101,posterior,7,18180,21210,86.6996699669967
food101,posterior,8,21210,24240,87.98679867986799
food101,posterior,9,24240,27270,86.96369636963696
food101,posterior,10,27270,30300,87.02970297029702
food101,responsibility,1,0,3030,86.4026402640264
food101,responsibility,2,3030,6060,87.06270627062706
food101,responsibility,3,6060,9090,86.93069306930693
food101,responsibility,4,9090,12120,86.5016501650165
food101,responsibility,5,12120,15150,86.89768976897689
food101,responsibility,6,15150,18180,86.96369636963696
food101,responsibility,7,18180,21210,86.73267326732673
food101,responsibility,8,21210,24240,88.08580858085809
food101,responsibility,9,24240,27270,86.93069306930693
food101,responsibility,10,27270,30300,86.99669966996699
food101,full,1,0,3030,86.4026402640264
food101,full,2,3030,6060,87.06270627062706
food101,full,3,6060,9090,86.93069306930693
food101,full,4,9090,12120,86.5016501650165
food101,full,5,12120,15150,86.89768976897689
food101,full,6,15150,18180,86.96369636963696
food101,full,7,18180,21210,86.73267326732673
food101,full,8,21210,24240,88.08580858085809
food101,full,9,24240,27270,86.93069306930693
food101,full,10,27270,30300,86.99669966996699
oxford_flowers,base,1,0,247,74.49392712550608
oxford_flowers,base,2,247,494,74.49392712550608
oxford_flowers,base,3,494,741,69.23076923076923
oxford_flowers,base,4,741,987,73.98373983739837
oxford_flowers,base,5,987,1233,73.17073170731707
oxford_flowers,base,6,1233,1479,77.23577235772358
oxford_flowers,base,7,1479,1725,79.67479674796748
oxford_flowers,base,8,1725,1971,73.17073170731707
oxford_flowers,base,9,1971,2217,74.79674796747967
oxford_flowers,base,10,2217,2463,80.48780487804879
oxford_flowers,posterior,1,0,247,74.49392712550608
oxford_flowers,posterior,2,247,494,74.49392712550608
oxford_flowers,posterior,3,494,741,69.23076923076923
oxford_flowers,posterior,4,741,987,73.98373983739837
oxford_flowers,posterior,5,987,1233,73.17073170731707
oxford_flowers,posterior,6,1233,1479,77.23577235772358
oxford_flowers,posterior,7,1479,1725,79.67479674796748
oxford_flowers,posterior,8,1725,1971,73.17073170731707
oxford_flowers,posterior,9,1971,2217,74.79674796747967
oxford_flowers,posterior,10,2217,2463,80.48780487804879
oxford_flowers,responsibility,1,0,247,74.49392712550608
oxford_flowers,responsibility,2,247,494,73.68421052631578
oxford_flowers,responsibility,3,494,741,68.42105263157895
oxford_flowers,responsibility,4,741,987,73.98373983739837
oxford_flowers,responsibility,5,987,1233,73.57723577235772
oxford_flowers,responsibility,6,1233,1479,77.23577235772358
oxford_flowers,responsibility,7,1479,1725,80.08130081300813
oxford_flowers,responsibility,8,1725,1971,73.17073170731707
oxford_flowers,responsibility,9,1971,2217,74.39024390243902
oxford_flowers,responsibility,10,2217,2463,80.89430894308943
oxford_flowers,full,1,0,247,74.49392712550608
oxford_flowers,full,2,247,494,73.68421052631578
oxford_flowers,full,3,494,741,68.42105263157895
oxford_flowers,full,4,741,987,73.98373983739837
oxford_flowers,full,5,987,1233,73.57723577235772
oxford_flowers,full,6,1233,1479,77.23577235772358
oxford_flowers,full,7,1479,1725,80.08130081300813
oxford_flowers,full,8,1725,1971,73.17073170731707
oxford_flowers,full,9,1971,2217,74.39024390243902
oxford_flowers,full,10,2217,2463,80.89430894308943
oxford_pets,base,1,0,367,91.00817438692098
oxford_pets,base,2,367,734,89.64577656675749
oxford_pets,base,3,734,1101,89.64577656675749
oxford_pets,base,4,1101,1468,92.64305177111717
oxford_pets,base,5,1468,1835,90.46321525885558
oxford_pets,base,6,1835,2202,93.73297002724796
oxford_pets,base,7,2202,2569,91.82561307901908
oxford_pets,base,8,2569,2936,94.55040871934605
oxford_pets,base,9,2936,3303,93.18801089918256
oxford_pets,base,10,3303,3669,92.34972677595628
oxford_pets,posterior,1,0,367,91.00817438692098
oxford_pets,posterior,2,367,734,89.64577656675749
oxford_pets,posterior,3,734,1101,89.64577656675749
oxford_pets,posterior,4,1101,1468,92.64305177111717
oxford_pets,posterior,5,1468,1835,90.46321525885558
oxford_pets,posterior,6,1835,2202,93.73297002724796
oxford_pets,posterior,7,2202,2569,91.82561307901908
oxford_pets,posterior,8,2569,2936,94.55040871934605
oxford_pets,posterior,9,2936,3303,93.18801089918256
oxford_pets,posterior,10,3303,3669,92.34972677595628
oxford_pets,responsibility,1,0,367,90.46321525885558
oxford_pets,responsibility,2,367,734,89.64577656675749
oxford_pets,responsibility,3,734,1101,89.91825613079018
oxford_pets,responsibility,4,1101,1468,92.91553133514986
oxford_pets,responsibility,5,1468,1835,90.46321525885558
oxford_pets,responsibility,6,1835,2202,93.73297002724796
oxford_pets,responsibility,7,2202,2569,92.09809264305177
oxford_pets,responsibility,8,2569,2936,94.82288828337875
oxford_pets,responsibility,9,2936,3303,93.46049046321527
oxford_pets,responsibility,10,3303,3669,92.34972677595628
oxford_pets,full,1,0,367,90.46321525885558
oxford_pets,full,2,367,734,89.64577656675749
oxford_pets,full,3,734,1101,89.91825613079018
oxford_pets,full,4,1101,1468,92.91553133514986
oxford_pets,full,5,1468,1835,90.46321525885558
oxford_pets,full,6,1835,2202,93.73297002724796
oxford_pets,full,7,2202,2569,92.09809264305177
oxford_pets,full,8,2569,2936,94.82288828337875
oxford_pets,full,9,2936,3303,93.46049046321527
oxford_pets,full,10,3303,3669,92.34972677595628
stanford_cars,base,1,0,805,66.95652173913044
stanford_cars,base,2,805,1609,67.16417910447761
stanford_cars,base,3,1609,2413,69.27860696517413
stanford_cars,base,4,2413,3217,68.78109452736318
stanford_cars,base,5,3217,4021,69.77611940298507
stanford_cars,base,6,4021,4825,73.2587064676617
stanford_cars,base,7,4825,5629,71.14427860696517
stanford_cars,base,8,5629,6433,69.15422885572139
stanford_cars,base,9,6433,7237,69.02985074626866
stanford_cars,base,10,7237,8041,72.88557213930348
stanford_cars,posterior,1,0,805,66.95652173913044
stanford_cars,posterior,2,805,1609,67.16417910447761
stanford_cars,posterior,3,1609,2413,69.27860696517413
stanford_cars,posterior,4,2413,3217,68.78109452736318
stanford_cars,posterior,5,3217,4021,69.77611940298507
stanford_cars,posterior,6,4021,4825,73.2587064676617
stanford_cars,posterior,7,4825,5629,71.14427860696517
stanford_cars,posterior,8,5629,6433,69.15422885572139
stanford_cars,posterior,9,6433,7237,69.02985074626866
stanford_cars,posterior,10,7237,8041,72.88557213930348
stanford_cars,responsibility,1,0,805,67.08074534161491
stanford_cars,responsibility,2,805,1609,67.91044776119402
stanford_cars,responsibility,3,1609,2413,69.27860696517413
stanford_cars,responsibility,4,2413,3217,69.02985074626866
stanford_cars,responsibility,5,3217,4021,69.65174129353234
stanford_cars,responsibility,6,4021,4825,73.2587064676617
stanford_cars,responsibility,7,4825,5629,71.39303482587064
stanford_cars,responsibility,8,5629,6433,69.02985074626866
stanford_cars,responsibility,9,6433,7237,69.15422885572139
stanford_cars,responsibility,10,7237,8041,72.88557213930348
stanford_cars,full,1,0,805,67.08074534161491
stanford_cars,full,2,805,1609,67.91044776119402
stanford_cars,full,3,1609,2413,69.27860696517413
stanford_cars,full,4,2413,3217,69.02985074626866
stanford_cars,full,5,3217,4021,69.65174129353234
stanford_cars,full,6,4021,4825,73.2587064676617
stanford_cars,full,7,4825,5629,71.39303482587064
stanford_cars,full,8,5629,6433,69.02985074626866
stanford_cars,full,9,6433,7237,69.15422885572139
stanford_cars,full,10,7237,8041,72.88557213930348
sun397,base,1,0,1985,65.79345088161209
sun397,base,2,1985,3970,69.37027707808564
sun397,base,3,3970,5955,69.52141057934509
sun397,base,4,5955,7940,68.06045340050377
sun397,base,5,7940,9925,66.8513853904282
sun397,base,6,9925,11910,71.63727959697734
sun397,base,7,11910,13895,69.62216624685138
sun397,base,8,13895,15880,69.2191435768262
sun397,base,9,15880,17865,68.71536523929471
sun397,base,10,17865,19850,69.62216624685138
sun397,posterior,1,0,1985,65.79345088161209
sun397,posterior,2,1985,3970,69.37027707808564
sun397,posterior,3,3970,5955,69.52141057934509
sun397,posterior,4,5955,7940,68.06045340050377
sun397,posterior,5,7940,9925,66.8513853904282
sun397,posterior,6,9925,11910,71.63727959697734
sun397,posterior,7,11910,13895,69.62216624685138
sun397,posterior,8,13895,15880,69.2191435768262
sun397,posterior,9,15880,17865,68.71536523929471
sun397,posterior,10,17865,19850,69.62216624685138
sun397,responsibility,1,0,1985,65.79345088161209
sun397,responsibility,2,1985,3970,69.52141057934509
sun397,responsibility,3,3970,5955,69.42065491183878
sun397,responsibility,4,5955,7940,68.11083123425693
sun397,responsibility,5,7940,9925,66.80100755667506
sun397,responsibility,6,9925,11910,71.68765743073048
sun397,responsibility,7,11910,13895,69.52141057934509
sun397,responsibility,8,13895,15880,69.37027707808564
sun397,responsibility,9,15880,17865,68.76574307304786
sun397,responsibility,10,17865,19850,69.67254408060454
sun397,full,1,0,1985,65.79345088161209
sun397,full,2,1985,3970,69.52141057934509
sun397,full,3,3970,5955,69.42065491183878
sun397,full,4,5955,7940,68.11083123425693
sun397,full,5,7940,9925,66.80100755667506
sun397,full,6,9925,11910,71.68765743073048
sun397,full,7,11910,13895,69.52141057934509
sun397,full,8,13895,15880,69.37027707808564
sun397,full,9,15880,17865,68.76574307304786
sun397,full,10,17865,19850,69.67254408060454
ucf101,base,1,0,379,64.37994722955145
ucf101,base,2,379,758,72.0316622691293
ucf101,base,3,758,1137,72.29551451187335
ucf101,base,4,1137,1515,71.95767195767195
ucf101,base,5,1515,1893,72.75132275132276
ucf101,base,6,1893,2271,72.75132275132276
ucf101,base,7,2271,2649,74.07407407407408
ucf101,base,8,2649,3027,74.86772486772487
ucf101,base,9,3027,3405,73.01587301587301
ucf101,base,10,3405,3783,75.66137566137566
ucf101,posterior,1,0,379,64.37994722955145
ucf101,posterior,2,379,758,72.0316622691293
ucf101,posterior,3,758,1137,72.29551451187335
ucf101,posterior,4,1137,1515,71.95767195767195
ucf101,posterior,5,1515,1893,72.75132275132276
ucf101,posterior,6,1893,2271,72.75132275132276
ucf101,posterior,7,2271,2649,74.07407407407408
ucf101,posterior,8,2649,3027,74.86772486772487
ucf101,posterior,9,3027,3405,73.01587301587301
ucf101,posterior,10,3405,3783,75.66137566137566
ucf101,responsibility,1,0,379,63.58839050131926
ucf101,responsibility,2,379,758,71.76781002638522
ucf101,responsibility,3,758,1137,72.82321899736148
ucf101,responsibility,4,1137,1515,71.95767195767195
ucf101,responsibility,5,1515,1893,72.75132275132276
ucf101,responsibility,6,1893,2271,72.75132275132276
ucf101,responsibility,7,2271,2649,73.80952380952381
ucf101,responsibility,8,2649,3027,74.33862433862434
ucf101,responsibility,9,3027,3405,73.28042328042328
ucf101,responsibility,10,3405,3783,75.92592592592592
ucf101,full,1,0,379,63.58839050131926
ucf101,full,2,379,758,71.76781002638522
ucf101,full,3,758,1137,72.82321899736148
ucf101,full,4,1137,1515,71.95767195767195
ucf101,full,5,1515,1893,72.75132275132276
ucf101,full,6,1893,2271,72.75132275132276
ucf101,full,7,2271,2649,73.80952380952381
ucf101,full,8,2649,3027,74.33862433862434
ucf101,full,9,3027,3405,73.28042328042328
ucf101,full,10,3405,3783,75.92592592592592
